"taskID","taskUID","mainStatus","fileName","satCode","procLevel","modisProduct","baseIndex","severityIndicator","burntAreaDataset","referenceYear","preFireRef","preFireType","postFireRef","minFireSize","geeTaskID","geeTaskCode","geeTaskStatus","postProcTaskID","postProcTaskStatus","metadataTaskID","metadataTaskStatus","closingTaskID","closingTaskStatus"
1,"5e5f7a6a-fea2-456b-8a76-c346347ed849","NOT COMPLETED","","MOD","L2","MOD13Q1","NBR","DELTA","EFFIS",2001,3,"moving",15,10,"c7af4a42-4c8a-4e0b-a808-cf4db4bcc22b",NA,"GEE NOT COMPLETED","4be6732f-a487-431e-95ca-da738037f758","POST NOT COMPLETED","2b0eacd9-8c43-493c-bb2a-dc64efa9726a","METADATA NOT COMPLETED","6ca1dcbf-436a-4389-b455-d6829385cc91","CLOSING NOT COMPLETED"
2,"d49f1d8c-a930-4cd3-86a6-2cc1c5084644","NOT COMPLETED","","MOD","L2","MOD13Q1","NBR","RDELTA","EFFIS",2001,3,"moving",15,10,"d97a7657-4afe-4008-983e-9f94035c02ef",NA,"GEE NOT COMPLETED","30dbf867-1c49-4d75-8d5b-f2164bdc2824","POST NOT COMPLETED","68e6d349-6201-4a93-b7ad-591b587c8473","METADATA NOT COMPLETED","d3fe423c-59ad-4fd2-aa11-ba6167bc615d","CLOSING NOT COMPLETED"
3,"d27c289a-9339-42a5-a1d9-0e9b00f422e2","NOT COMPLETED","","MOD","L2","MOD13Q1","NBR","RBR","EFFIS",2001,3,"moving",15,10,"b38b80dc-c213-49a4-851a-26775bd88431",NA,"GEE NOT COMPLETED","550033a9-59a7-419a-9bd5-3957dd99747f","POST NOT COMPLETED","9c9ac227-90cd-41be-9c58-b3376248d6dc","METADATA NOT COMPLETED","316dada5-7670-4e82-9461-a9296d100a17","CLOSING NOT COMPLETED"
4,"be01d4b0-591b-4b9d-a981-26e0d056c364","NOT COMPLETED","","MOD","L2","MOD13Q1","NBR","DELTA","EFFIS",2002,3,"moving",15,10,"afc919a4-c76d-40b7-a4a9-f9c4f1b559df",NA,"GEE NOT COMPLETED","d90bad70-3fdb-41b2-afd1-cabd68e4d9e0","POST NOT COMPLETED","4db26acf-9d05-4b85-8dd3-552354a092cc","METADATA NOT COMPLETED","ed1e4c01-cc59-427f-ae3e-5afa8017f65a","CLOSING NOT COMPLETED"
5,"7aaf63b4-9da1-424b-866a-12eacd240a88","NOT COMPLETED","","MOD","L2","MOD13Q1","NBR","RDELTA","EFFIS",2002,3,"moving",15,10,"2ffba91a-e0d9-4b11-9dfb-847e5e2fa275",NA,"GEE NOT COMPLETED","8a2cce45-379f-4862-9889-64b643ca3186","POST NOT COMPLETED","1a9ff72e-162e-4d4f-b652-c9b493541b43","METADATA NOT COMPLETED","a49609cb-420e-40ba-b81a-5f1d4bf2a538","CLOSING NOT COMPLETED"
6,"877cec4f-f8d2-43c4-b833-166707670850","NOT COMPLETED","","MOD","L2","MOD13Q1","NBR","RBR","EFFIS",2002,3,"moving",15,10,"b3a5d426-6098-490d-a488-9d0a5c1a10d8",NA,"GEE NOT COMPLETED","0d8efc5c-1bac-43fe-80d6-b1b011865d50","POST NOT COMPLETED","9d9d8de6-3185-43e6-98d9-ad9e26585005","METADATA NOT COMPLETED","d7cef977-4d37-4dbc-9cdf-e533928486f8","CLOSING NOT COMPLETED"
7,"1509ca70-27a0-4537-92a1-96cc7b851506","NOT COMPLETED","","MOD","L2","MOD13Q1","NBR","DELTA","EFFIS",2003,3,"moving",15,10,"790c9dfa-8e93-4c05-b49b-1fbd3e82dc23",NA,"GEE NOT COMPLETED","53b98c90-fbb5-4ec3-b3df-417aa126ea78","POST NOT COMPLETED","42963cfe-16b0-4e2e-97cf-e0c8910d38c0","METADATA NOT COMPLETED","7f771631-6bb9-4902-b5af-44aeed72b2b7","CLOSING NOT COMPLETED"
8,"46fdaa22-0fff-49cd-8c9e-1def4742ef07","NOT COMPLETED","","MOD","L2","MOD13Q1","NBR","RDELTA","EFFIS",2003,3,"moving",15,10,"f69e093c-1325-4190-8850-f17bcff241b9",NA,"GEE NOT COMPLETED","6ca1020f-1ad6-4205-8762-83ca89dbcf6f","POST NOT COMPLETED","c8f3b23f-d480-41e0-9398-4914e2a47d7a","METADATA NOT COMPLETED","7bde6b97-7dd2-4e19-a1ec-2dcc44eb41c6","CLOSING NOT COMPLETED"
9,"3167469c-4b2c-41e3-9ba4-cf569007258d","NOT COMPLETED","","MOD","L2","MOD13Q1","NBR","RBR","EFFIS",2003,3,"moving",15,10,"dc128eb7-667f-4f46-a571-b1ecb5d426d7",NA,"GEE NOT COMPLETED","c12ce64b-1851-4e78-95ae-f776e29c4006","POST NOT COMPLETED","305a420f-b6d5-4fcf-ae7d-7edf6dc3c7de","METADATA NOT COMPLETED","6aaec124-8d9c-4632-94cb-cdc6d5c5f847","CLOSING NOT COMPLETED"
10,"744bf21a-c8ef-4425-a240-cb9009056a66","NOT COMPLETED","","MOD","L2","MOD13Q1","NBR","DELTA","EFFIS",2004,3,"moving",15,10,"09adfcd5-d81d-4b8f-82fd-ae88f0ad6b22",NA,"GEE NOT COMPLETED","29f3bde1-b61e-4168-b35b-9c86739982e8","POST NOT COMPLETED","2dd6b279-dd10-4e9d-ba59-e5a4516b3168","METADATA NOT COMPLETED","c9c14274-fae1-4163-928c-12cd997f51ae","CLOSING NOT COMPLETED"
11,"3942a518-2706-495e-a7eb-55a449e1c252","NOT COMPLETED","","MOD","L2","MOD13Q1","NBR","RDELTA","EFFIS",2004,3,"moving",15,10,"894b1d2d-5a26-48e2-bea7-a3fbc6bc654d",NA,"GEE NOT COMPLETED","55a07c17-bf5f-47b2-9066-16ea4814339a","POST NOT COMPLETED","9755288f-810d-4aa0-9635-be00aba9f488","METADATA NOT COMPLETED","0940dad3-223e-4ad2-b742-f0a3141e2cbf","CLOSING NOT COMPLETED"
12,"ef9b9c60-e548-477f-83a1-79b80217db26","NOT COMPLETED","","MOD","L2","MOD13Q1","NBR","RBR","EFFIS",2004,3,"moving",15,10,"2d7810ee-682a-44cf-93d4-076fbd916b8a",NA,"GEE NOT COMPLETED","4342402a-7fb3-4dc3-9776-d27706a4773c","POST NOT COMPLETED","46b7591d-ed3c-4229-b9e2-8059d492209d","METADATA NOT COMPLETED","575cce50-c01d-4704-9401-1084f9496944","CLOSING NOT COMPLETED"
13,"44d60732-843e-4a5b-9e4e-9a7eb0c7b707","NOT COMPLETED","","MOD","L2","MOD13Q1","NBR","DELTA","EFFIS",2005,3,"moving",15,10,"13f2168a-2d51-42ac-9f56-29f0986c3aa2",NA,"GEE NOT COMPLETED","dcb699c4-a35f-43e7-9fcf-87df2ea23601","POST NOT COMPLETED","64c17ff0-e4a3-4f66-be3f-ce2d9296a2d5","METADATA NOT COMPLETED","a893dcd0-056e-417e-93b0-bf3c6eafbdce","CLOSING NOT COMPLETED"
14,"47f02fdb-793c-418b-a20a-4214ac32470d","NOT COMPLETED","","MOD","L2","MOD13Q1","NBR","RDELTA","EFFIS",2005,3,"moving",15,10,"55608e30-2b04-4bf8-b74c-1e4fc06a0ca8",NA,"GEE NOT COMPLETED","ba04b155-e6a4-4d25-99f9-905cc5882a79","POST NOT COMPLETED","d020e075-4836-476e-913a-268afd34df2c","METADATA NOT COMPLETED","fc136651-140f-4481-9309-430a8da93352","CLOSING NOT COMPLETED"
15,"13f1f3b4-d986-4199-ac53-4fd29a655d35","NOT COMPLETED","","MOD","L2","MOD13Q1","NBR","RBR","EFFIS",2005,3,"moving",15,10,"15295840-08f4-443e-9793-039525d27321",NA,"GEE NOT COMPLETED","b77def9e-f034-4010-bd07-4f2a21524d0c","POST NOT COMPLETED","2b2294f9-43df-4126-8920-18e5eb3831ba","METADATA NOT COMPLETED","d6b561ae-20d9-45e2-9dea-669f416b13b0","CLOSING NOT COMPLETED"
16,"1ad83aba-d605-4d03-a778-cb3ae84cb278","NOT COMPLETED","","MOD","L2","MOD13Q1","NBR","DELTA","EFFIS",2006,3,"moving",15,10,"fd719d93-26c7-49c4-9ef4-9b24ad3e6a84",NA,"GEE NOT COMPLETED","e5fe60ac-180e-48d9-8ae8-dacf898018f0","POST NOT COMPLETED","ff1a9426-d38e-4cbe-bb8a-592ae53eb923","METADATA NOT COMPLETED","c9c7b01e-753d-461e-a832-7dd46480d1c6","CLOSING NOT COMPLETED"
17,"9f07b99d-d1f4-48c0-a88b-cbd5a71d286c","NOT COMPLETED","","MOD","L2","MOD13Q1","NBR","RDELTA","EFFIS",2006,3,"moving",15,10,"11715073-cb99-4853-9420-8418f2daf3c1",NA,"GEE NOT COMPLETED","3f793ca2-565a-4a86-a46f-c84d29b6d1f3","POST NOT COMPLETED","e01a41e5-b77c-4dd7-91d3-656a61fd452a","METADATA NOT COMPLETED","ee62800e-7716-4986-a1fc-35ed0d9667a3","CLOSING NOT COMPLETED"
18,"2c6d254c-1e5a-4d0d-8f79-f00ed482d276","NOT COMPLETED","","MOD","L2","MOD13Q1","NBR","RBR","EFFIS",2006,3,"moving",15,10,"293cb7c8-58fe-4272-9caa-13687091828b",NA,"GEE NOT COMPLETED","4f95b01f-d21e-4af0-b5e1-e7b59fcb12cf","POST NOT COMPLETED","a62c9865-3fb7-40cd-9a25-dfdc537a5d68","METADATA NOT COMPLETED","0ab91d84-1f14-4013-ab7d-3d4b65f6c70b","CLOSING NOT COMPLETED"
19,"a72a8c80-5896-4818-8265-86bb5a2c73a3","NOT COMPLETED","","MOD","L2","MOD13Q1","NBR","DELTA","EFFIS",2007,3,"moving",15,10,"f0d57f14-0b8c-4579-89c3-079fd8254744",NA,"GEE NOT COMPLETED","19d6eab1-99f1-4ec7-a681-7542fd2c8fea","POST NOT COMPLETED","1d71d2ac-425a-44ca-bc47-487438e18e16","METADATA NOT COMPLETED","d3dfe17a-3063-46d1-98f0-16a052533ea9","CLOSING NOT COMPLETED"
20,"13a8a575-2154-4e65-9fff-c8cf0c8377b5","NOT COMPLETED","","MOD","L2","MOD13Q1","NBR","RDELTA","EFFIS",2007,3,"moving",15,10,"5f8fd50c-70f4-42b0-a099-71bd83076be8",NA,"GEE NOT COMPLETED","265da3b4-e931-4ee8-b84c-cadf77548186","POST NOT COMPLETED","cf94a91d-6ea7-42e3-bf34-72e83162d43e","METADATA NOT COMPLETED","de7e6ea8-848f-44d7-9f3e-8b6d37ded388","CLOSING NOT COMPLETED"
21,"f3e17f86-34ce-411a-9636-c396f5f278bc","NOT COMPLETED","","MOD","L2","MOD13Q1","NBR","RBR","EFFIS",2007,3,"moving",15,10,"2cdbad67-4746-4b57-9eab-e07605f28bf7",NA,"GEE NOT COMPLETED","8aa88557-50cf-4a07-910b-060c5bd61247","POST NOT COMPLETED","51a7b926-0e32-4fc5-afee-723db3d80341","METADATA NOT COMPLETED","c31bc5fe-8777-4878-9f55-204d7f940259","CLOSING NOT COMPLETED"
22,"c4901594-a0e6-43eb-84c9-fd68b122de99","NOT COMPLETED","","MOD","L2","MOD13Q1","NBR","DELTA","EFFIS",2008,3,"moving",15,10,"167d3333-fff8-45b9-99f2-9be8c3dedcaa",NA,"GEE NOT COMPLETED","13e9449f-f6a0-46ef-aa42-d1ccdb5e66d0","POST NOT COMPLETED","07505b92-906a-480d-9327-cd2ffa25246c","METADATA NOT COMPLETED","08a2a445-dba4-4d08-ab2c-5b54e43bc4b0","CLOSING NOT COMPLETED"
23,"77fb9479-689f-4173-9d69-da5c8def9699","NOT COMPLETED","","MOD","L2","MOD13Q1","NBR","RDELTA","EFFIS",2008,3,"moving",15,10,"f874b6f8-a598-4ab3-a6f8-88bf5114df76",NA,"GEE NOT COMPLETED","80006aee-309a-48eb-9789-7112cbba7613","POST NOT COMPLETED","13a6ef38-f456-4081-9f90-2087885c3609","METADATA NOT COMPLETED","35118858-5de7-4fd0-a2a7-a12d100c1a54","CLOSING NOT COMPLETED"
24,"3a7267c1-d79a-4498-b27d-8059949218dc","NOT COMPLETED","","MOD","L2","MOD13Q1","NBR","RBR","EFFIS",2008,3,"moving",15,10,"0054ea0c-40c4-4d64-9e96-725e5d2406a5",NA,"GEE NOT COMPLETED","cdfe26fd-68cb-4421-b980-e6b28fb561b6","POST NOT COMPLETED","dffd1f1d-879d-4d19-b4f0-dff07214bda1","METADATA NOT COMPLETED","b5d72f6e-6998-4378-98f2-61c830c854d7","CLOSING NOT COMPLETED"
25,"df90ce33-a277-461b-a0ae-b928211e3187","NOT COMPLETED","","MOD","L2","MOD13Q1","NBR","DELTA","EFFIS",2009,3,"moving",15,10,"be2030fb-393c-4548-9fb9-e2e2d835ff21",NA,"GEE NOT COMPLETED","1d487689-a6b2-4849-9126-70287ea5d101","POST NOT COMPLETED","a113bd65-af18-4640-97aa-a5e1f556e16f","METADATA NOT COMPLETED","48acd6c2-0ae8-4498-9909-c492bed85f26","CLOSING NOT COMPLETED"
26,"8cd5ee98-fe97-44d3-b864-8724a14efedb","NOT COMPLETED","","MOD","L2","MOD13Q1","NBR","RDELTA","EFFIS",2009,3,"moving",15,10,"fdf96c51-7e30-4a76-9aa0-7f118f6c5ce2",NA,"GEE NOT COMPLETED","c82b8476-25e6-4da6-b640-20296f1052d2","POST NOT COMPLETED","ed4f0aa8-1c0c-4e17-96fe-127267ccb4e4","METADATA NOT COMPLETED","d728c832-a5f4-4ff7-bb95-bf4416d13a01","CLOSING NOT COMPLETED"
27,"2e4d2c0b-f3ef-4ca9-ac85-3968d823fd3f","NOT COMPLETED","","MOD","L2","MOD13Q1","NBR","RBR","EFFIS",2009,3,"moving",15,10,"cd539a4a-0a53-4bc1-ba3c-b1e679b94e15",NA,"GEE NOT COMPLETED","9c73b79b-d4ed-42f9-8a05-713caca01c4d","POST NOT COMPLETED","f8a3088f-810c-40b8-8a63-d6010f124c62","METADATA NOT COMPLETED","6d082971-60fa-43ce-be77-147d1a2b7d52","CLOSING NOT COMPLETED"
28,"71dcdf79-77e7-4a74-8732-2276c949c5fa","NOT COMPLETED","","MOD","L2","MOD13Q1","NBR","DELTA","EFFIS",2010,3,"moving",15,10,"706904c0-30e5-4080-82d8-d1145d11e781",NA,"GEE NOT COMPLETED","ded185a0-cfe8-46b0-ad34-d1e732bbe5cf","POST NOT COMPLETED","4749ccf5-2276-495b-a755-996ea9c44279","METADATA NOT COMPLETED","d1efabf9-1323-4b0e-af6a-a899010503d8","CLOSING NOT COMPLETED"
29,"047a7eb7-3c58-4857-b7b6-441ad68edc8f","NOT COMPLETED","","MOD","L2","MOD13Q1","NBR","RDELTA","EFFIS",2010,3,"moving",15,10,"ee827294-dfc3-45f3-a37e-c3fadc83d8e5",NA,"GEE NOT COMPLETED","da12fb45-e8bf-4510-a947-400a0629a300","POST NOT COMPLETED","2cffa531-26ca-455d-984a-67d70861f2a9","METADATA NOT COMPLETED","5e958534-bc5f-4a6e-98ac-a9de7e0ddfc2","CLOSING NOT COMPLETED"
30,"57104e2c-a68f-4f0c-a109-7f714b48a290","NOT COMPLETED","","MOD","L2","MOD13Q1","NBR","RBR","EFFIS",2010,3,"moving",15,10,"204820f2-0ddc-493c-aa2b-be0339980d59",NA,"GEE NOT COMPLETED","1933a2dc-d6d2-495b-adbf-e4a05f927ae2","POST NOT COMPLETED","8939b68d-9da5-4956-a1e1-74544153b91d","METADATA NOT COMPLETED","87815787-dd66-4697-894e-b5828fd94e2b","CLOSING NOT COMPLETED"
31,"a9338866-83c4-4166-9bb3-955ff18268cb","NOT COMPLETED","","MOD","L2","MOD13Q1","NBR","DELTA","EFFIS",2011,3,"moving",15,10,"5170f47a-13b4-41b2-ad19-03435467b66e",NA,"GEE NOT COMPLETED","d728b77c-0b26-4aac-a73c-4c1366145e40","POST NOT COMPLETED","d6300e0b-1f39-4558-82db-0816b7f335fe","METADATA NOT COMPLETED","198e9fb6-cb6f-45bd-b565-48b0a7382b30","CLOSING NOT COMPLETED"
32,"554266ec-0d2c-4939-a74d-dbafb3d9c47c","NOT COMPLETED","","MOD","L2","MOD13Q1","NBR","RDELTA","EFFIS",2011,3,"moving",15,10,"12a2744a-1da8-4e84-866c-b0ed663914bf",NA,"GEE NOT COMPLETED","eae6a737-f46e-4e48-9bd2-156d32933a9c","POST NOT COMPLETED","78abe5b5-235f-4b50-8edb-acd2bbcfc15d","METADATA NOT COMPLETED","e804c86f-295d-4559-84bb-cb6608c8d453","CLOSING NOT COMPLETED"
33,"c2332447-66f9-4925-a582-68d5246047a1","NOT COMPLETED","","MOD","L2","MOD13Q1","NBR","RBR","EFFIS",2011,3,"moving",15,10,"360c3ce1-84b3-4352-94d5-fb397a657b4f",NA,"GEE NOT COMPLETED","829ea6f5-c189-4cf1-b8b9-5858afc68122","POST NOT COMPLETED","21840d14-fc32-497b-98d0-55c4c5c415d0","METADATA NOT COMPLETED","ce4682f2-119e-48fd-ad64-345a8972a83a","CLOSING NOT COMPLETED"
34,"acb9292d-2d72-4398-bf4b-9b4be361bb2e","NOT COMPLETED","","MOD","L2","MOD13Q1","NBR","DELTA","EFFIS",2012,3,"moving",15,10,"c9e0e5aa-f92b-4245-9260-40e6935e07c3",NA,"GEE NOT COMPLETED","6256f8bf-e493-4fe3-a694-da261f3105b2","POST NOT COMPLETED","dfc6a401-4bdb-4c94-84e2-ee25c2f4ba5a","METADATA NOT COMPLETED","6b84d247-1737-4093-860f-b38d64568697","CLOSING NOT COMPLETED"
35,"c46e3b10-ce66-449e-ad95-024fbceff1fe","NOT COMPLETED","","MOD","L2","MOD13Q1","NBR","RDELTA","EFFIS",2012,3,"moving",15,10,"cd4b1f39-4587-4a13-ab71-081cba4f61f0",NA,"GEE NOT COMPLETED","507228d6-fc96-4b38-a340-f109de75090b","POST NOT COMPLETED","3e4b12c3-e940-48c7-8b43-feec67525aa3","METADATA NOT COMPLETED","e7c8a231-ea81-4da2-b2d8-a82c4c792b60","CLOSING NOT COMPLETED"
36,"3985f704-02cb-4009-b83b-cf5619e64ead","NOT COMPLETED","","MOD","L2","MOD13Q1","NBR","RBR","EFFIS",2012,3,"moving",15,10,"474aabae-04ea-49bf-89f4-86d7eceb2865",NA,"GEE NOT COMPLETED","728cce79-1fef-42be-b893-a64966798b8c","POST NOT COMPLETED","21eb8432-05ae-40b8-8cfe-df6aeeb69f19","METADATA NOT COMPLETED","90ac5999-9df1-4ce0-b1ab-1ee6e5bb7d56","CLOSING NOT COMPLETED"
37,"79a789b7-0dd6-40a4-b46c-4dffb345dbb1","NOT COMPLETED","","MOD","L2","MOD13Q1","NBR","DELTA","EFFIS",2013,3,"moving",15,10,"93bd3d0b-2eb0-4bfd-80bc-566c26f24fe9",NA,"GEE NOT COMPLETED","8ec74d44-5b30-4a2e-998b-be76362d0d49","POST NOT COMPLETED","447302f1-54ef-43f0-92a4-5e3603a793df","METADATA NOT COMPLETED","d99ca104-0b7c-4f75-815e-ffae237bffd8","CLOSING NOT COMPLETED"
38,"e7dd69dc-5cda-4b79-b729-6712b17f0667","NOT COMPLETED","","MOD","L2","MOD13Q1","NBR","RDELTA","EFFIS",2013,3,"moving",15,10,"cbba823f-97e5-4c3d-abf1-329bb1926a89",NA,"GEE NOT COMPLETED","f7dbea0c-fd86-428f-8f97-7926f52e3958","POST NOT COMPLETED","719fccab-ac45-4723-b44a-be68d30a0572","METADATA NOT COMPLETED","dea4cac6-15c4-44a6-ae5a-efc1b2371c02","CLOSING NOT COMPLETED"
39,"676dd7a0-d489-4f0e-8d95-3309e3575a88","NOT COMPLETED","","MOD","L2","MOD13Q1","NBR","RBR","EFFIS",2013,3,"moving",15,10,"94741c2e-63de-41eb-a28b-9bc5b9261778",NA,"GEE NOT COMPLETED","618d50d2-c8e8-4c43-87e6-402a61b4de4d","POST NOT COMPLETED","83947fec-2741-4956-a9f3-dea96ea0e056","METADATA NOT COMPLETED","b0244c34-41b9-440b-afe2-4d06578ac4bf","CLOSING NOT COMPLETED"
40,"3e3642e0-ff2a-4ace-9967-40a4821e137d","NOT COMPLETED","","MOD","L2","MOD13Q1","NBR","DELTA","EFFIS",2014,3,"moving",15,10,"d7c4e3a9-c92c-4a45-bc10-dccd1b85ea0c",NA,"GEE NOT COMPLETED","046895ee-f62e-4844-8fff-6237ede63e30","POST NOT COMPLETED","82c18cf2-adbe-4f8e-ba5b-fed2d2e3b99f","METADATA NOT COMPLETED","13349bbe-e2c2-4c51-bef7-81e6af295cb2","CLOSING NOT COMPLETED"
41,"acb5fb8e-7f7b-4e82-b455-b04c05f9e6dc","NOT COMPLETED","","MOD","L2","MOD13Q1","NBR","RDELTA","EFFIS",2014,3,"moving",15,10,"9892a46e-0db3-4e24-8078-c92953c844b3",NA,"GEE NOT COMPLETED","5f1ffa82-a0df-4fd0-87be-9ec9430d8862","POST NOT COMPLETED","3fbce81f-67f2-4151-97ce-3452d55cd0e8","METADATA NOT COMPLETED","cca460c0-6acd-47c7-8739-7f3a693fa8d7","CLOSING NOT COMPLETED"
42,"911a519d-9715-46ad-8082-493075cd24a1","NOT COMPLETED","","MOD","L2","MOD13Q1","NBR","RBR","EFFIS",2014,3,"moving",15,10,"18d5e118-470e-4e0b-88fe-3e56b5d43cf5",NA,"GEE NOT COMPLETED","2e4988d4-ec02-40a7-9047-5cb66da08335","POST NOT COMPLETED","c9e84312-596f-4171-9944-283e062bfb3a","METADATA NOT COMPLETED","3a701c03-506d-4005-b731-142cc5b3765a","CLOSING NOT COMPLETED"
43,"b5f03c9b-3863-49a9-ad57-c1e81156bffc","NOT COMPLETED","","MOD","L2","MOD13Q1","NBR","DELTA","EFFIS",2015,3,"moving",15,10,"ef6d8773-441f-466c-a4c7-fa81726da90a",NA,"GEE NOT COMPLETED","147bdb44-4f40-4d60-8a9c-62a128a5d966","POST NOT COMPLETED","2fd01ece-dc23-4a87-8bd8-d0a71b098e1f","METADATA NOT COMPLETED","6c163ebc-7999-480d-9c27-e775c11bfdac","CLOSING NOT COMPLETED"
44,"311e0fd0-dc12-4715-8675-20cd2aaa8426","NOT COMPLETED","","MOD","L2","MOD13Q1","NBR","RDELTA","EFFIS",2015,3,"moving",15,10,"7aea978e-d71d-42bb-8244-8d55f2852333",NA,"GEE NOT COMPLETED","dc1bf14b-eaff-460b-b0b8-90cb8978c52a","POST NOT COMPLETED","5ce632e1-6c33-48f7-a22d-16d89b3e3f8c","METADATA NOT COMPLETED","0a4d6652-fe8a-4b62-b0a9-f732f83363ec","CLOSING NOT COMPLETED"
45,"2e163b41-8535-4861-aa09-6cdf9124d0c2","NOT COMPLETED","","MOD","L2","MOD13Q1","NBR","RBR","EFFIS",2015,3,"moving",15,10,"80d4f17c-744e-4927-9b56-5c1e5071ba81",NA,"GEE NOT COMPLETED","bc6fc99d-e87e-4cae-8038-f29d54245de7","POST NOT COMPLETED","80d0e093-9f17-4ec7-b070-5099854d1521","METADATA NOT COMPLETED","adddb3f5-601b-4820-a69e-06e7a25a6c41","CLOSING NOT COMPLETED"
46,"517933c2-3840-403c-aeae-5786b5aa74b8","NOT COMPLETED","","MOD","L2","MOD13Q1","NBR","DELTA","EFFIS",2016,3,"moving",15,10,"1b175724-0aba-4cee-9949-959d2a542876",NA,"GEE NOT COMPLETED","c4c58e7c-b2c9-46ca-b109-2fda44e36c9e","POST NOT COMPLETED","a77db231-eca7-42be-bfaf-926774d0bd61","METADATA NOT COMPLETED","3bdb50c3-0189-465e-a8bb-0df27cb33204","CLOSING NOT COMPLETED"
47,"aa1bb514-6966-4766-881e-0d7e82ee5c3c","NOT COMPLETED","","MOD","L2","MOD13Q1","NBR","RDELTA","EFFIS",2016,3,"moving",15,10,"7e9e584f-206e-4f77-bbb3-433a7cc1542d",NA,"GEE NOT COMPLETED","0cb866e2-1fcd-49a6-9625-9ddc78ab9099","POST NOT COMPLETED","ce992020-ef1c-4723-a9cb-edae8ff68a47","METADATA NOT COMPLETED","e9e26727-b87e-411b-81d6-7d1846222b9c","CLOSING NOT COMPLETED"
48,"d2ff8eb1-4a6a-4f5f-b5c0-b40c052c3072","NOT COMPLETED","","MOD","L2","MOD13Q1","NBR","RBR","EFFIS",2016,3,"moving",15,10,"6aa7b378-c894-4712-9fa0-57f7015d943c",NA,"GEE NOT COMPLETED","a28c1b05-a771-4423-aa1f-ee12caed6d2a","POST NOT COMPLETED","f166e4f7-a92e-4478-a92e-ffac29c45d16","METADATA NOT COMPLETED","f1dae4e6-404f-475f-9378-3df9a4024f43","CLOSING NOT COMPLETED"
49,"d01d6710-8375-4477-8d68-93d73a428c75","NOT COMPLETED","","MOD","L2","MOD13Q1","NBR","DELTA","EFFIS",2017,3,"moving",15,10,"9795f6f2-867e-4f64-830c-c33ed8cb6cd9",NA,"GEE NOT COMPLETED","5d257067-d0ec-4e43-b6bd-be6e321365b4","POST NOT COMPLETED","bce127fc-3d6f-4ede-a2b1-972591b77270","METADATA NOT COMPLETED","acb59480-4981-4d2d-a3aa-053bfdfa1172","CLOSING NOT COMPLETED"
50,"51e03663-df12-471a-979d-be2b19c80645","NOT COMPLETED","","MOD","L2","MOD13Q1","NBR","RDELTA","EFFIS",2017,3,"moving",15,10,"8401e0ec-cb05-425c-b2b7-8d8ff6a30ed6",NA,"GEE NOT COMPLETED","d562930c-b2ed-453c-91ed-b69b8b2a49ff","POST NOT COMPLETED","56288cde-ad52-48ed-a813-3173d4e57e26","METADATA NOT COMPLETED","d4029538-e446-4970-a0f0-3cc7626d862e","CLOSING NOT COMPLETED"
51,"1f61c178-7a1c-4df6-b64d-e070865136b8","NOT COMPLETED","","MOD","L2","MOD13Q1","NBR","RBR","EFFIS",2017,3,"moving",15,10,"4c78575c-7ab9-403c-9977-68f0b66572b1",NA,"GEE NOT COMPLETED","e5b46252-e644-4f9a-afc0-b4f2e9215a2b","POST NOT COMPLETED","19738743-c234-46fc-a588-39afb80726b7","METADATA NOT COMPLETED","11717e98-00a3-4428-9ac1-a383d4bec5cd","CLOSING NOT COMPLETED"
52,"225965a3-09a0-4210-8163-c26220e53f23","NOT COMPLETED","","MOD","L2","MOD13Q1","NBR","DELTA","EFFIS",2018,3,"moving",15,10,"73050f38-73da-47e5-93f6-1b192b95abaf",NA,"GEE NOT COMPLETED","515ac32e-0c32-4d57-a253-f022ab760703","POST NOT COMPLETED","265fa65a-1226-421b-acaa-9cf131f08c92","METADATA NOT COMPLETED","cbb1fec4-7a14-44b8-b9f8-7574e16b43b1","CLOSING NOT COMPLETED"
53,"4d683329-98ab-4374-8458-732889d5da3d","NOT COMPLETED","","MOD","L2","MOD13Q1","NBR","RDELTA","EFFIS",2018,3,"moving",15,10,"71da8383-72ae-44e4-8c52-b6468e5790d5",NA,"GEE NOT COMPLETED","cb285195-7faa-45e3-aec4-eaa2a3d033ec","POST NOT COMPLETED","0b00ea29-6b85-47d7-9e2d-8f5d7d0f0786","METADATA NOT COMPLETED","615061c7-7cf2-4caa-8759-c860170e411f","CLOSING NOT COMPLETED"
54,"3b8a94ec-09b7-48f6-bb65-02aa9a9d16ed","NOT COMPLETED","","MOD","L2","MOD13Q1","NBR","RBR","EFFIS",2018,3,"moving",15,10,"ce41971c-2a14-4afc-b57e-5d9cc2663fdc",NA,"GEE NOT COMPLETED","becdad5b-de84-404a-b58a-2624d9cc4c4b","POST NOT COMPLETED","00bde682-f724-4220-bfcc-a16d95e9173b","METADATA NOT COMPLETED","3645e196-6442-4bfb-92f3-0f80c6699ddd","CLOSING NOT COMPLETED"
55,"9b3b8fbc-a080-4cdc-acdf-6dade4b53c90","NOT COMPLETED","","MOD","L2","MOD13Q1","NBR","DELTA","EFFIS",2019,3,"moving",15,10,"5f32d226-8e92-4e98-a119-8daa25d98eed",NA,"GEE NOT COMPLETED","3d11779f-f0cc-4020-a68c-3a2c6b5ca9c8","POST NOT COMPLETED","f51e82b1-2373-45a9-bbd3-a5ac0787674b","METADATA NOT COMPLETED","ffad40b0-c86a-409c-8b3f-34dcfb18893d","CLOSING NOT COMPLETED"
56,"8dd8561e-9190-41e3-a9ac-2c8ef40e45aa","NOT COMPLETED","","MOD","L2","MOD13Q1","NBR","RDELTA","EFFIS",2019,3,"moving",15,10,"922f2f43-2ed1-4760-8d4a-f368918d7293",NA,"GEE NOT COMPLETED","1def42f5-ec92-4910-8c57-369ca4959d23","POST NOT COMPLETED","b69dfee8-9e49-4d46-ae28-d4192bc17dbd","METADATA NOT COMPLETED","95b97ee1-f699-4fb8-9784-db934a6a2b78","CLOSING NOT COMPLETED"
57,"5d0768c3-69ae-47df-be28-4d8f2c5b350e","NOT COMPLETED","","MOD","L2","MOD13Q1","NBR","RBR","EFFIS",2019,3,"moving",15,10,"15e3d42a-22de-4aa5-9bb3-a3bcc0ee9605",NA,"GEE NOT COMPLETED","2c3b9064-7cfa-4d6b-99c3-039241d63097","POST NOT COMPLETED","5b5f3b19-ee7b-4773-9d76-1b73bc56021c","METADATA NOT COMPLETED","47a48f15-8ea0-48f0-a944-3a947865ec39","CLOSING NOT COMPLETED"
58,"f4189561-35cb-46db-b599-a17fbb3184da","NOT COMPLETED","","MOD","L2","MOD13Q1","NBR","DELTA","EFFIS",2020,3,"moving",15,10,"1a571e9a-ce16-4f7c-a223-2fb2edcedbf7",NA,"GEE NOT COMPLETED","d3772d67-8a72-44e5-8698-57b3f3f4a57f","POST NOT COMPLETED","826e48df-75a5-436e-813a-a1f6fe87dbfc","METADATA NOT COMPLETED","e2ba86ce-c3ec-4348-8665-285b01d5cc1e","CLOSING NOT COMPLETED"
59,"5156c752-4385-47b4-918e-e6aef8ab4cdd","NOT COMPLETED","","MOD","L2","MOD13Q1","NBR","RDELTA","EFFIS",2020,3,"moving",15,10,"96b679ca-2719-48e6-b237-fb8a6f9820bb",NA,"GEE NOT COMPLETED","93348a74-fa7c-4ceb-8c95-1bfc1bb8ad89","POST NOT COMPLETED","5db7fdc7-a4a8-43dd-acaa-93aaecb0ff59","METADATA NOT COMPLETED","ba4748b1-6751-418c-bb40-05a4cf70c029","CLOSING NOT COMPLETED"
60,"5f405645-bdd1-4f71-80e6-e4c61f68b0f7","NOT COMPLETED","","MOD","L2","MOD13Q1","NBR","RBR","EFFIS",2020,3,"moving",15,10,"3e3ddaef-20ed-46cf-85cf-e2e914f2f567",NA,"GEE NOT COMPLETED","3f882beb-e73e-42d7-b83c-956b036a7ef5","POST NOT COMPLETED","b47b424c-ef33-4a0d-978f-2c0f50c3ebd6","METADATA NOT COMPLETED","4ac37695-542c-4c56-9da3-96d478b9ee43","CLOSING NOT COMPLETED"
61,"13dceef0-2e41-401d-98ef-d120f1a42b3c","NOT COMPLETED","","MOD","L2","MOD13Q1","NBR","DELTA","EFFIS",2021,3,"moving",15,10,"6cc8c6b9-46ec-4ded-9275-b536ce352eb3",NA,"GEE NOT COMPLETED","af7f30b5-eed5-4510-bc3e-047e3736dd25","POST NOT COMPLETED","813b32f3-3ac1-4957-b830-e2a67767faae","METADATA NOT COMPLETED","d70c4b41-94db-4c94-afe6-fab19748bfd0","CLOSING NOT COMPLETED"
62,"3c7874c8-e256-4ea9-a7f1-fe1678a63f26","NOT COMPLETED","","MOD","L2","MOD13Q1","NBR","RDELTA","EFFIS",2021,3,"moving",15,10,"98379d17-245b-4d03-a73c-8719d53751f0",NA,"GEE NOT COMPLETED","a7314578-a802-4926-9a12-0cb11bf9cb28","POST NOT COMPLETED","d3ddec7c-cd5e-45b9-8fd8-5f5b829dfd6c","METADATA NOT COMPLETED","f79d03d1-4396-4dd0-9dc0-8238e246d5f2","CLOSING NOT COMPLETED"
63,"74cc74ba-a6a1-4247-ae74-285dbedf0bbb","NOT COMPLETED","","MOD","L2","MOD13Q1","NBR","RBR","EFFIS",2021,3,"moving",15,10,"a0a9144c-c1b1-46f1-8e5e-576ee25c0124",NA,"GEE NOT COMPLETED","95a276c4-2346-4534-a777-ed9f9ad70d64","POST NOT COMPLETED","2c75bfaf-2999-48ab-9c79-729f5c0bddc4","METADATA NOT COMPLETED","18420431-838b-4957-9835-2ac4ba980874","CLOSING NOT COMPLETED"
64,"87353b40-71c8-45e6-8187-e6801824ba63","NOT COMPLETED","","MOD","L2","MOD13Q1","NBR","DELTA","EFFIS",2022,3,"moving",15,10,"829c70ee-7f20-48e5-b784-ce5e06104d4f",NA,"GEE NOT COMPLETED","0ac04fb7-9c1d-4c7a-9edc-186e9b3e7384","POST NOT COMPLETED","bdced5e2-989c-426c-a285-9792013bf9e0","METADATA NOT COMPLETED","0c5a4e18-40f0-4d83-8028-948564601c17","CLOSING NOT COMPLETED"
65,"a8ffe663-9e5d-4e23-8e67-dc2a5de7f19b","NOT COMPLETED","","MOD","L2","MOD13Q1","NBR","RDELTA","EFFIS",2022,3,"moving",15,10,"a9668315-df93-440f-976d-ce038a04dbe3",NA,"GEE NOT COMPLETED","9bb5240e-a810-4763-8379-2939d4673647","POST NOT COMPLETED","a340237a-e214-4447-bc83-2c6dc7b28ff8","METADATA NOT COMPLETED","c19633d2-99be-4741-8e32-d1c908351a1c","CLOSING NOT COMPLETED"
66,"34a4869e-39b1-43f1-a900-baaa6468fe3e","NOT COMPLETED","","MOD","L2","MOD13Q1","NBR","RBR","EFFIS",2022,3,"moving",15,10,"01ad7597-f8af-42bd-a157-c129fb994326",NA,"GEE NOT COMPLETED","c15ee845-22b4-4710-82a2-7db844fddfdd","POST NOT COMPLETED","427acee4-78f5-436f-bb79-d1bf153017fd","METADATA NOT COMPLETED","02d13e62-30a0-4084-941a-1882b77694d8","CLOSING NOT COMPLETED"
67,"8d97074f-095d-4118-98d3-5015f6c0f365","NOT COMPLETED","","MOD","L2","MOD13Q1","NBR","DELTA","EFFIS",2001,3,"moving",18,10,"5d4084a0-8602-4d41-ba27-4f31bc14595b",NA,"GEE NOT COMPLETED","92205bdd-fbc8-4980-bf1d-a0ab7b185833","POST NOT COMPLETED","4bb10e76-4022-4615-8fad-4d52b1ac9cd0","METADATA NOT COMPLETED","67ccbdc1-bdc2-45ed-82ed-ecb9e8f60793","CLOSING NOT COMPLETED"
68,"e382f69b-afc2-496f-98a4-d2d1e7edd08f","NOT COMPLETED","","MOD","L2","MOD13Q1","NBR","RDELTA","EFFIS",2001,3,"moving",18,10,"182ccada-3fc5-4bc5-b0af-a1ffeae49790",NA,"GEE NOT COMPLETED","1dbe795a-b9b1-4782-81d2-a39fcc25b3a7","POST NOT COMPLETED","b9a2b899-9ea5-4752-893e-007560d2e927","METADATA NOT COMPLETED","ea6dadcd-3bfa-478e-8b4d-3783e45dcf99","CLOSING NOT COMPLETED"
69,"333aa1ed-3afb-4f6e-bb15-e550ff5073eb","NOT COMPLETED","","MOD","L2","MOD13Q1","NBR","RBR","EFFIS",2001,3,"moving",18,10,"ce2cd2ac-8708-4cce-8ad4-a72bc8a7a48e",NA,"GEE NOT COMPLETED","3a22ea76-4dc5-41c5-9041-9f6cc791e32e","POST NOT COMPLETED","af8d7044-a4cb-42af-adec-b1b033f4f0b0","METADATA NOT COMPLETED","ebb71c42-9556-4b18-b8fe-9ddb49290fd1","CLOSING NOT COMPLETED"
70,"7a14b85f-09fd-4288-ab21-12efc20142d5","NOT COMPLETED","","MOD","L2","MOD13Q1","NBR","DELTA","EFFIS",2002,3,"moving",18,10,"fe7b6ed1-e1f8-4408-a075-9facac89f5ee",NA,"GEE NOT COMPLETED","66d5422b-d478-4a2e-9aa2-e7ad49133af0","POST NOT COMPLETED","a840c0f5-3cfd-480c-9d15-3d243460bb64","METADATA NOT COMPLETED","7393dda7-b128-4a85-ae2f-99a9fea67861","CLOSING NOT COMPLETED"
71,"d3e0981b-298d-44ca-b685-03caf2016169","NOT COMPLETED","","MOD","L2","MOD13Q1","NBR","RDELTA","EFFIS",2002,3,"moving",18,10,"1bc6dd88-3d69-4ca7-9019-b1b4ee7dce61",NA,"GEE NOT COMPLETED","881ed4fe-51ad-426c-a51a-d1a45a38b97e","POST NOT COMPLETED","45c15ef2-d80a-4072-a1f9-3444adbf9120","METADATA NOT COMPLETED","7e24d97a-878c-476c-8eec-eea923f1c156","CLOSING NOT COMPLETED"
72,"dc952b44-b398-4de5-8995-34d25382497d","NOT COMPLETED","","MOD","L2","MOD13Q1","NBR","RBR","EFFIS",2002,3,"moving",18,10,"14a2ea1b-6311-4850-8854-38aea2e51440",NA,"GEE NOT COMPLETED","ff881dbf-e66f-493d-a72f-8a85b461ee3d","POST NOT COMPLETED","7004fbbb-6f82-49ae-8348-1d3cfc52b529","METADATA NOT COMPLETED","7e855ad4-6a2b-47f1-97f6-42f8b8a220af","CLOSING NOT COMPLETED"
73,"aae9805b-1cf2-499b-8a62-876eb3289529","NOT COMPLETED","","MOD","L2","MOD13Q1","NBR","DELTA","EFFIS",2003,3,"moving",18,10,"94a5245d-e028-4eba-9628-2a5ce3a7fa44",NA,"GEE NOT COMPLETED","977314f1-1d55-4f01-aff6-c3ee8cec4b7d","POST NOT COMPLETED","14a33101-13a4-4312-a155-9a5b123066db","METADATA NOT COMPLETED","cc77591d-4b97-4601-93aa-3baaf396551b","CLOSING NOT COMPLETED"
74,"9e378305-398e-4046-a7a2-f312a4d524b6","NOT COMPLETED","","MOD","L2","MOD13Q1","NBR","RDELTA","EFFIS",2003,3,"moving",18,10,"55b0d1f8-6233-4b53-8524-a93e012158ad",NA,"GEE NOT COMPLETED","58252817-f7ab-4252-9843-ec368330f9f0","POST NOT COMPLETED","fd29cc34-5c4b-4fa3-a7ad-9dc4f2c4fef7","METADATA NOT COMPLETED","2220c1eb-2408-4af2-ad3d-8de8ff47f090","CLOSING NOT COMPLETED"
75,"93d7aae7-e189-4f90-9418-334a0dcfef42","NOT COMPLETED","","MOD","L2","MOD13Q1","NBR","RBR","EFFIS",2003,3,"moving",18,10,"536828d2-96fd-459a-b6a5-72b5675cbafc",NA,"GEE NOT COMPLETED","164d0f11-21af-49c2-9b31-c4879489daa3","POST NOT COMPLETED","6c1bf7ac-fc63-4427-8b51-453938bccba2","METADATA NOT COMPLETED","f0474376-7e9c-41ad-8a9f-020729370202","CLOSING NOT COMPLETED"
76,"66c7cff2-3d87-4a90-bfe4-dcd0f94c299a","NOT COMPLETED","","MOD","L2","MOD13Q1","NBR","DELTA","EFFIS",2004,3,"moving",18,10,"ebdf4a58-a8b2-43b7-a398-4afb6da97970",NA,"GEE NOT COMPLETED","529e83b6-0f39-46f3-ac60-f3b7e3f47db6","POST NOT COMPLETED","0b8e7a9a-68ea-4de6-be6b-d3552ecba848","METADATA NOT COMPLETED","78d2c866-84a2-4ebb-9dcb-c915c6f14f20","CLOSING NOT COMPLETED"
77,"741a7c13-1059-481c-9587-047906a7f3b8","NOT COMPLETED","","MOD","L2","MOD13Q1","NBR","RDELTA","EFFIS",2004,3,"moving",18,10,"cd8b7f13-f7fb-4679-9dc4-4a0ec1636936",NA,"GEE NOT COMPLETED","6dca4f2e-f58e-4b09-ba4e-530c03a2bfcf","POST NOT COMPLETED","b7cbee6a-029c-4f4c-8793-d61dd8226a7e","METADATA NOT COMPLETED","5f93c7f4-f506-483e-816b-fd00f6d9775a","CLOSING NOT COMPLETED"
78,"e3a2b9f2-b03a-4ca0-a87f-73beb9851116","NOT COMPLETED","","MOD","L2","MOD13Q1","NBR","RBR","EFFIS",2004,3,"moving",18,10,"4822a8bf-d8bf-402f-9e11-f08578b55b35",NA,"GEE NOT COMPLETED","8416ff1a-73ca-4714-9957-849cd457ed2a","POST NOT COMPLETED","714242ba-e3dc-4e1f-8414-fe246d0592f2","METADATA NOT COMPLETED","898745ba-93cb-4cca-880d-2876d4f0f073","CLOSING NOT COMPLETED"
79,"6ed05d21-21bd-4ddc-9e47-905536550fab","NOT COMPLETED","","MOD","L2","MOD13Q1","NBR","DELTA","EFFIS",2005,3,"moving",18,10,"a4fc1b0a-8df9-4aa3-96a4-175a6c9367b2",NA,"GEE NOT COMPLETED","ce07d70b-1ac8-4c14-b2b1-1a2f54230081","POST NOT COMPLETED","97ed4ee7-de8e-493a-a1dd-642d38c0be7d","METADATA NOT COMPLETED","6fdba70e-e7cb-45e9-94de-489f521fc1f8","CLOSING NOT COMPLETED"
80,"0b220cd9-110c-4e2a-b157-cf9216cc75b3","NOT COMPLETED","","MOD","L2","MOD13Q1","NBR","RDELTA","EFFIS",2005,3,"moving",18,10,"b8e4d39d-29f1-45be-b198-b21f931d5a53",NA,"GEE NOT COMPLETED","7b0262b8-111b-4151-808e-2c8636997916","POST NOT COMPLETED","0c6ebca3-d28a-4e2a-a905-73efe0573628","METADATA NOT COMPLETED","59feee65-3e61-4037-9f71-2a4f12b1f787","CLOSING NOT COMPLETED"
81,"8d962e25-f39b-4478-869f-bcec5fd1bd52","NOT COMPLETED","","MOD","L2","MOD13Q1","NBR","RBR","EFFIS",2005,3,"moving",18,10,"ee424572-7f32-4bba-9a0e-e7a2d9ae6c5e",NA,"GEE NOT COMPLETED","f4fbca62-98a8-42e5-bcc1-24a47d5140f6","POST NOT COMPLETED","6d3e0875-69ac-4491-9aee-64ec1cb0205b","METADATA NOT COMPLETED","81136212-cfa4-4753-b425-a81c40970c63","CLOSING NOT COMPLETED"
82,"36ff827f-16af-4648-9c92-fd7c8031438c","NOT COMPLETED","","MOD","L2","MOD13Q1","NBR","DELTA","EFFIS",2006,3,"moving",18,10,"c94146bd-6a89-4c77-91e2-55cef055b22b",NA,"GEE NOT COMPLETED","b96f5c56-89cb-4ca5-b69b-f80340013541","POST NOT COMPLETED","b15db82e-9a32-4b4e-bd9d-9febf6d5103a","METADATA NOT COMPLETED","2df2f79d-8220-4ce3-833a-dbf4a80f18a4","CLOSING NOT COMPLETED"
83,"a6b600ef-a68c-4976-be9b-263d3f421cf4","NOT COMPLETED","","MOD","L2","MOD13Q1","NBR","RDELTA","EFFIS",2006,3,"moving",18,10,"f4d3787c-896c-467c-b467-e9c1b00c1fd6",NA,"GEE NOT COMPLETED","7a59a6e9-8bbd-4ab3-9fb9-44264f023f20","POST NOT COMPLETED","5b2fad03-5830-4825-9538-da46238ec7cd","METADATA NOT COMPLETED","6e512828-ed65-438a-b334-9d953fd4df60","CLOSING NOT COMPLETED"
84,"1d950ff0-8d47-48fd-9ab2-ea65a74c48c5","NOT COMPLETED","","MOD","L2","MOD13Q1","NBR","RBR","EFFIS",2006,3,"moving",18,10,"7e6c7bca-639a-4eb4-a46b-81d9abab19aa",NA,"GEE NOT COMPLETED","d3c43684-ff9d-4aa7-abcf-dd7f2dfef862","POST NOT COMPLETED","58be114a-0579-467a-a1c3-5ad957a620c5","METADATA NOT COMPLETED","3cd82cea-ab5e-4f8f-b25b-c75d3d9720dd","CLOSING NOT COMPLETED"
85,"4ec64b7b-c41f-446c-ab4d-5d4c2881b2ec","NOT COMPLETED","","MOD","L2","MOD13Q1","NBR","DELTA","EFFIS",2007,3,"moving",18,10,"842d65e9-23a2-4cca-9a7c-f3c03a395497",NA,"GEE NOT COMPLETED","d8a17966-71ed-41f9-b514-47a472c1e053","POST NOT COMPLETED","b03c742c-cfe2-4049-9b68-e6a1ea7b5b52","METADATA NOT COMPLETED","ae36f3aa-d601-40f4-9d59-4c672fb3ecb3","CLOSING NOT COMPLETED"
86,"9afcc360-2f6b-4e17-ab7d-45b7da50f66c","NOT COMPLETED","","MOD","L2","MOD13Q1","NBR","RDELTA","EFFIS",2007,3,"moving",18,10,"0aa0267d-1ee8-4659-874e-6464bb35914f",NA,"GEE NOT COMPLETED","9dc89538-2f53-424a-9b94-f82134e0970a","POST NOT COMPLETED","b06a499c-2695-4de0-9b00-fc0a786af1a9","METADATA NOT COMPLETED","16a92dd4-2805-4509-8909-c350b6093d19","CLOSING NOT COMPLETED"
87,"85089eaa-e9ee-439f-93e0-226bdaa42032","NOT COMPLETED","","MOD","L2","MOD13Q1","NBR","RBR","EFFIS",2007,3,"moving",18,10,"f035930e-2bc2-4691-a422-4951351b1263",NA,"GEE NOT COMPLETED","289444da-c888-4664-9e0d-8c16f90b0f3f","POST NOT COMPLETED","50bf9513-ebc3-46dd-a8c7-5761a3d792a1","METADATA NOT COMPLETED","443e0da7-e94e-4ebf-aa43-435f28b80652","CLOSING NOT COMPLETED"
88,"c2c594c3-fc21-474d-982c-4fcde7c5bcab","NOT COMPLETED","","MOD","L2","MOD13Q1","NBR","DELTA","EFFIS",2008,3,"moving",18,10,"1d16a2fe-1f96-43dc-accf-78b40f301212",NA,"GEE NOT COMPLETED","2973e13c-a668-4e82-ba1b-f6f514973a7c","POST NOT COMPLETED","970352f4-dd59-4591-8031-24a860a3d1f6","METADATA NOT COMPLETED","dfac2cd4-e0b0-4f1d-9252-4f777caff3d9","CLOSING NOT COMPLETED"
89,"bb07652a-cd16-4e63-97cc-fdd24954f0fe","NOT COMPLETED","","MOD","L2","MOD13Q1","NBR","RDELTA","EFFIS",2008,3,"moving",18,10,"8d1ab5b6-4daf-49c3-87b5-50aaac9a4ecd",NA,"GEE NOT COMPLETED","d52f2e90-16ce-42b1-93a4-75f0ba024311","POST NOT COMPLETED","aa744410-abdc-427b-baef-0897604b247c","METADATA NOT COMPLETED","f61b608b-b407-4021-82ca-2f681caea5c1","CLOSING NOT COMPLETED"
90,"91a40b9c-17ab-4a09-bd85-9a5cf30dcead","NOT COMPLETED","","MOD","L2","MOD13Q1","NBR","RBR","EFFIS",2008,3,"moving",18,10,"47a20da1-3216-4d50-b2d1-c91bfdd4cfa6",NA,"GEE NOT COMPLETED","65df05bb-837f-494e-bfd2-779e1b9170d0","POST NOT COMPLETED","120d5c69-e17c-4306-89dc-c6eaedb6c355","METADATA NOT COMPLETED","b919d82f-ee54-40cc-8024-4875c239f8b2","CLOSING NOT COMPLETED"
91,"58ea00fa-91c0-403a-94c7-e01a6c44a0a5","NOT COMPLETED","","MOD","L2","MOD13Q1","NBR","DELTA","EFFIS",2009,3,"moving",18,10,"0afec3d6-b74a-4197-842c-b50ddce4923a",NA,"GEE NOT COMPLETED","00c1b6c1-68a2-478d-a763-ed1c7073c7f8","POST NOT COMPLETED","10b92668-0257-427f-a94a-695f540fe465","METADATA NOT COMPLETED","3b5f818a-33c2-42b3-8610-ef05b965fb69","CLOSING NOT COMPLETED"
92,"db7733f8-4b70-4cea-9d64-0fcdbf984bf7","NOT COMPLETED","","MOD","L2","MOD13Q1","NBR","RDELTA","EFFIS",2009,3,"moving",18,10,"659933f9-e529-4e31-b15c-daa9fa164d8b",NA,"GEE NOT COMPLETED","7da29228-d216-48c7-8136-c7f2d133699e","POST NOT COMPLETED","96779b30-5812-4f65-b4ba-c6056a91f6bc","METADATA NOT COMPLETED","08ebd837-f67f-4e30-920e-2636f8452f40","CLOSING NOT COMPLETED"
93,"8b4ea0ee-380a-4b02-bbad-444f622c4167","NOT COMPLETED","","MOD","L2","MOD13Q1","NBR","RBR","EFFIS",2009,3,"moving",18,10,"86a59175-188e-471f-b62a-c41b58c01861",NA,"GEE NOT COMPLETED","cdab6867-4633-4639-8091-afaa0c0423d8","POST NOT COMPLETED","0816a10a-79d4-4224-a280-9dd4544563d7","METADATA NOT COMPLETED","130d944a-d47c-44eb-9a51-e346fdac7f34","CLOSING NOT COMPLETED"
94,"31e085a2-4670-4cd5-9bfe-97f5f8f21f5f","NOT COMPLETED","","MOD","L2","MOD13Q1","NBR","DELTA","EFFIS",2010,3,"moving",18,10,"3e222085-05a1-4060-92ad-705e8e78e72b",NA,"GEE NOT COMPLETED","011ed586-c2fc-44c7-8956-83d300658cb6","POST NOT COMPLETED","1821c5c1-eacc-4141-8eec-8a254b1de026","METADATA NOT COMPLETED","e9a1f980-59fe-4df7-bc36-5e4b35296753","CLOSING NOT COMPLETED"
95,"1aeefa7e-00b7-442c-8168-fd264a10dba0","NOT COMPLETED","","MOD","L2","MOD13Q1","NBR","RDELTA","EFFIS",2010,3,"moving",18,10,"85f5102b-60ba-4a10-87b1-4f95cc477a9e",NA,"GEE NOT COMPLETED","cf37ecea-57e3-4578-a627-27065f41ad89","POST NOT COMPLETED","e649a416-6bfa-4268-82c8-ce3fde83299d","METADATA NOT COMPLETED","6c668879-7739-4c17-8cc1-fdbb5c371ae4","CLOSING NOT COMPLETED"
96,"0128255d-2991-4604-b1ad-fc7ecba6a6fa","NOT COMPLETED","","MOD","L2","MOD13Q1","NBR","RBR","EFFIS",2010,3,"moving",18,10,"35c80796-1ff6-456a-9194-f6707d51d967",NA,"GEE NOT COMPLETED","ed5e8f85-2511-4010-84f0-4edbd3c69b28","POST NOT COMPLETED","bd8beb6c-52bc-4e1c-ae3b-5e9708d7034c","METADATA NOT COMPLETED","d5230e65-acea-4dfb-954c-872e7177ce65","CLOSING NOT COMPLETED"
97,"3f6f60ef-c7f4-47f5-9828-ab14ea4166e9","NOT COMPLETED","","MOD","L2","MOD13Q1","NBR","DELTA","EFFIS",2011,3,"moving",18,10,"02c10374-b6ec-4cd0-91fd-c3c28a17014a",NA,"GEE NOT COMPLETED","a42e9608-8dc3-4dae-9ff0-f36ccc93f9f2","POST NOT COMPLETED","06b2f0c6-e828-4a31-ad16-9371a8e03ce1","METADATA NOT COMPLETED","02b42191-f9d1-4290-ba86-255de0ad14d6","CLOSING NOT COMPLETED"
98,"abce12ef-a7c9-4ff1-b3b5-f8873e0bb6b6","NOT COMPLETED","","MOD","L2","MOD13Q1","NBR","RDELTA","EFFIS",2011,3,"moving",18,10,"040e3ef6-7fdc-4b0a-a859-e3bdcb8c5840",NA,"GEE NOT COMPLETED","f7353a45-ef20-403f-be26-47d7b1920ffb","POST NOT COMPLETED","568034e7-90e3-468d-854a-29b2d6a0387a","METADATA NOT COMPLETED","53929a5e-00c3-4b0e-8d36-611f5f16c18c","CLOSING NOT COMPLETED"
99,"5fc8da70-8c7c-4fbc-990d-b37ffa3acb9a","NOT COMPLETED","","MOD","L2","MOD13Q1","NBR","RBR","EFFIS",2011,3,"moving",18,10,"f0317eaa-8f1f-4014-bf98-f5488769789b",NA,"GEE NOT COMPLETED","9b615a5e-a027-43af-9f75-15325b8ce4b0","POST NOT COMPLETED","8e7900a1-d348-436a-a885-b16b9d8f90ed","METADATA NOT COMPLETED","01c7b19f-36a7-4010-81ee-d597c7d89f77","CLOSING NOT COMPLETED"
100,"85e46af6-c454-4e51-9457-a1a5709bbc62","NOT COMPLETED","","MOD","L2","MOD13Q1","NBR","DELTA","EFFIS",2012,3,"moving",18,10,"945b5bb1-1052-4f7f-a150-a5cc6bad4fe9",NA,"GEE NOT COMPLETED","e595311c-b3ad-428b-a800-d3d57ea1e3eb","POST NOT COMPLETED","818c4314-4879-4b1b-8e40-a42ad3186e63","METADATA NOT COMPLETED","bab8e373-d0bd-4058-afe3-f5d015bc75c3","CLOSING NOT COMPLETED"
101,"46ace95c-e633-48eb-a277-a0fff87513e9","NOT COMPLETED","","MOD","L2","MOD13Q1","NBR","RDELTA","EFFIS",2012,3,"moving",18,10,"2de14e3c-b142-4892-8534-32c3b6963772",NA,"GEE NOT COMPLETED","d7041091-9d5d-4857-a77a-dabcb1a6eca5","POST NOT COMPLETED","198887bb-497b-4382-a1cc-d8de0deaaf2e","METADATA NOT COMPLETED","0e16578b-352e-44d9-a9a5-77227265b718","CLOSING NOT COMPLETED"
102,"bacccd19-e6a2-4f81-a383-15968c693c00","NOT COMPLETED","","MOD","L2","MOD13Q1","NBR","RBR","EFFIS",2012,3,"moving",18,10,"cb3fc895-02d3-4b49-8dba-9aca8d257b81",NA,"GEE NOT COMPLETED","03259076-9371-4d66-bd5c-3a069e092620","POST NOT COMPLETED","83efed58-e1e8-4559-b845-5cb7f0d6575e","METADATA NOT COMPLETED","8e667dbe-e7c6-4dca-a79b-1f64e7bd774b","CLOSING NOT COMPLETED"
103,"d191aecd-711f-4804-9f3f-06f310050b79","NOT COMPLETED","","MOD","L2","MOD13Q1","NBR","DELTA","EFFIS",2013,3,"moving",18,10,"4a31da5f-a79e-47ec-9d4a-f4bf36fb8c7c",NA,"GEE NOT COMPLETED","c36db6b5-ec7b-4956-9b57-08a09426f971","POST NOT COMPLETED","240fdc27-ae36-4925-a808-fbb86f80e2dc","METADATA NOT COMPLETED","b2cde77a-d391-416d-a711-28838d4baff5","CLOSING NOT COMPLETED"
104,"37aae6fa-e3d5-4e5a-a4de-4c3867bc416b","NOT COMPLETED","","MOD","L2","MOD13Q1","NBR","RDELTA","EFFIS",2013,3,"moving",18,10,"0bc237b5-55af-408a-b9b5-47efb91f3953",NA,"GEE NOT COMPLETED","c1aae325-7832-473a-a2a6-c66606d40066","POST NOT COMPLETED","6bf9716b-5323-47d0-945d-f836f8295aa9","METADATA NOT COMPLETED","c2bc4214-4474-4182-bf8f-3e0062b5c368","CLOSING NOT COMPLETED"
105,"742c4b16-efbd-43b0-9b2e-64b31628c558","NOT COMPLETED","","MOD","L2","MOD13Q1","NBR","RBR","EFFIS",2013,3,"moving",18,10,"a11ae3b2-f5af-4815-8523-a9193d78c823",NA,"GEE NOT COMPLETED","db267608-60c5-4e14-be29-e50f7f44adea","POST NOT COMPLETED","f4f35c98-0a2b-4c56-8cf0-0ca560671f1c","METADATA NOT COMPLETED","921d39d1-0e54-412a-b265-9d9b924b12fc","CLOSING NOT COMPLETED"
106,"d6256773-5c7d-41f3-98d9-f231189c0d29","NOT COMPLETED","","MOD","L2","MOD13Q1","NBR","DELTA","EFFIS",2014,3,"moving",18,10,"5ec3138c-7def-4dd0-a270-84edcdd2c87c",NA,"GEE NOT COMPLETED","e7edbea6-4dc2-48d1-86d6-d32ace4068ca","POST NOT COMPLETED","552f8d60-2e9c-486c-beef-1e88691e1b13","METADATA NOT COMPLETED","7e9d7574-378f-4187-9a9d-4cbb2a44e9e5","CLOSING NOT COMPLETED"
107,"7baa7801-734e-405e-8119-129b0e2476b7","NOT COMPLETED","","MOD","L2","MOD13Q1","NBR","RDELTA","EFFIS",2014,3,"moving",18,10,"f7080855-c41d-4863-8399-801103fc6924",NA,"GEE NOT COMPLETED","531fca87-2f8d-4471-8777-4d3f79bfe039","POST NOT COMPLETED","c276900a-95e8-4a13-9e41-b44b7e0362c7","METADATA NOT COMPLETED","d9222eed-5d18-4470-8475-ec942bc46ef1","CLOSING NOT COMPLETED"
108,"6db9aa29-ff4e-43ac-b125-ee0b83bebd23","NOT COMPLETED","","MOD","L2","MOD13Q1","NBR","RBR","EFFIS",2014,3,"moving",18,10,"5ae6085c-cd6f-4f62-9487-ba46379fc198",NA,"GEE NOT COMPLETED","4ad66e4a-35d6-4276-8315-fcf54526c1c4","POST NOT COMPLETED","20f52ee4-d140-4477-80f6-038054cf532d","METADATA NOT COMPLETED","c375d219-d0f5-4124-ab7d-e59dd6ad1674","CLOSING NOT COMPLETED"
109,"2e9b63cf-99b7-4acf-afe9-b43d6a531c36","NOT COMPLETED","","MOD","L2","MOD13Q1","NBR","DELTA","EFFIS",2015,3,"moving",18,10,"13f02eb0-4271-4bd3-8aaa-11cada6611b1",NA,"GEE NOT COMPLETED","be2f5e9b-178e-4a18-b53d-3dc28a837f0f","POST NOT COMPLETED","8ec585e8-eda9-4375-944e-bb40a7da8e69","METADATA NOT COMPLETED","3dfc161e-7b6f-485e-bd29-e848ad900b43","CLOSING NOT COMPLETED"
110,"1534b6c1-67b4-4bdb-bd57-840ba66c54c5","NOT COMPLETED","","MOD","L2","MOD13Q1","NBR","RDELTA","EFFIS",2015,3,"moving",18,10,"8b9ff1e2-304e-430b-bb94-111e287f2c0a",NA,"GEE NOT COMPLETED","b202153e-10c0-4cdd-a142-80516bdf40cd","POST NOT COMPLETED","4f6ece7a-cfee-41f6-ada8-dca5ea7d55ea","METADATA NOT COMPLETED","094df819-200c-424e-8105-26d3f58a9395","CLOSING NOT COMPLETED"
111,"a09caa74-6add-4bc8-ac60-4bca7ac2307d","NOT COMPLETED","","MOD","L2","MOD13Q1","NBR","RBR","EFFIS",2015,3,"moving",18,10,"511aa170-6da6-4a16-a3b2-77034b69311c",NA,"GEE NOT COMPLETED","c3923e4e-0bbb-4d13-bcdb-fc9d700f67c9","POST NOT COMPLETED","7e193678-5caa-4876-aaa0-1b5ded91182d","METADATA NOT COMPLETED","9e0d790c-06b8-46c6-ba86-51b83aea81b2","CLOSING NOT COMPLETED"
112,"a159ea52-c60b-4ba3-a313-3b9ee4c449b9","NOT COMPLETED","","MOD","L2","MOD13Q1","NBR","DELTA","EFFIS",2016,3,"moving",18,10,"19cfdbec-2f4c-40fa-8561-d3d1ac086acb",NA,"GEE NOT COMPLETED","a9645908-2f86-4cc1-9ce7-e114e06bd709","POST NOT COMPLETED","94a1960e-1fc0-4c24-a958-04dd37b7e38f","METADATA NOT COMPLETED","3c36a042-752b-434e-a11f-009f20faf335","CLOSING NOT COMPLETED"
113,"d55f02f6-c9de-4a44-8c07-04b166145462","NOT COMPLETED","","MOD","L2","MOD13Q1","NBR","RDELTA","EFFIS",2016,3,"moving",18,10,"5f30291e-aa57-4535-8eda-6b90d36bfc7a",NA,"GEE NOT COMPLETED","72ff7a7f-62dd-479b-8b0f-982bb0c9654c","POST NOT COMPLETED","60da6f08-cc21-4d6f-b526-0b034598334c","METADATA NOT COMPLETED","596afafe-dca4-495c-ad0a-8a9b98f991d1","CLOSING NOT COMPLETED"
114,"0dcfdf6b-8ea6-46eb-a141-29453efdc7c8","NOT COMPLETED","","MOD","L2","MOD13Q1","NBR","RBR","EFFIS",2016,3,"moving",18,10,"105c6bce-a779-46dc-ae29-ae7cd31e6973",NA,"GEE NOT COMPLETED","6f245284-33b9-45c0-a094-bb707bf218cd","POST NOT COMPLETED","a15e19b5-edb5-42a8-bf51-8bd71ef3449b","METADATA NOT COMPLETED","e46eea02-9896-4bb2-995d-501d216da28e","CLOSING NOT COMPLETED"
115,"e67750da-b70e-42e5-8eaf-409baa15e22d","NOT COMPLETED","","MOD","L2","MOD13Q1","NBR","DELTA","EFFIS",2017,3,"moving",18,10,"35771675-0027-409c-a2d3-4c19d66aa3f4",NA,"GEE NOT COMPLETED","9e727d18-5023-4c91-a6a1-22c931ccb587","POST NOT COMPLETED","1b138150-9042-49bd-b8f4-36ca7a8aab4d","METADATA NOT COMPLETED","a8b87dec-eb4e-41e2-aec5-66105a6f0fb7","CLOSING NOT COMPLETED"
116,"83fef5cd-8614-44f4-9bf7-2425aca3af74","NOT COMPLETED","","MOD","L2","MOD13Q1","NBR","RDELTA","EFFIS",2017,3,"moving",18,10,"41a3eb1c-0e3f-4eea-9879-91f7555a4d78",NA,"GEE NOT COMPLETED","a69de89a-a748-42cd-95e0-16dcacc654ef","POST NOT COMPLETED","b26c8057-1aba-4094-9c2d-615c05dbc31b","METADATA NOT COMPLETED","ad1fc8c8-77d9-4e0d-b6a2-ae7737c2a538","CLOSING NOT COMPLETED"
117,"c66b3284-2e91-4880-9c68-444b9399bca9","NOT COMPLETED","","MOD","L2","MOD13Q1","NBR","RBR","EFFIS",2017,3,"moving",18,10,"027ac8e3-fbee-4456-ae78-ac863ad0d5df",NA,"GEE NOT COMPLETED","efa8cc60-8830-446f-a623-e62314629513","POST NOT COMPLETED","cff18ff6-6fa8-4824-9a7d-ca4e0229916e","METADATA NOT COMPLETED","43d52dc3-1f5e-43c7-8087-ea42c99b3d5e","CLOSING NOT COMPLETED"
118,"0f699b21-6c39-4431-8941-bea0a7e076a9","NOT COMPLETED","","MOD","L2","MOD13Q1","NBR","DELTA","EFFIS",2018,3,"moving",18,10,"3c2610cb-d749-46fe-a8ba-5fbe36dd239c",NA,"GEE NOT COMPLETED","d73a6a13-57f1-4587-a72a-661716c4dce0","POST NOT COMPLETED","b469652d-4c75-49ac-8ac7-d4a12e634550","METADATA NOT COMPLETED","a320c56a-1e1c-43ba-b78d-9ec0c4aa4c83","CLOSING NOT COMPLETED"
119,"f472edcd-6f8a-4941-94b9-5b7399ee1718","NOT COMPLETED","","MOD","L2","MOD13Q1","NBR","RDELTA","EFFIS",2018,3,"moving",18,10,"2e36ad49-359c-438b-bf38-6809c88eab84",NA,"GEE NOT COMPLETED","31638155-0533-4f0f-92a9-76f070f3fae6","POST NOT COMPLETED","51f2fec1-29b9-4877-9e14-d182322efb33","METADATA NOT COMPLETED","fdf19ed5-0c15-449b-82a8-472ef22d8dd1","CLOSING NOT COMPLETED"
120,"76e78c8b-ed14-4b1e-88cb-a76dcae5f1ee","NOT COMPLETED","","MOD","L2","MOD13Q1","NBR","RBR","EFFIS",2018,3,"moving",18,10,"1ebf7ff1-41f2-4376-9f82-caa3a2a48a6c",NA,"GEE NOT COMPLETED","ff64190e-c5b4-4196-b44b-d1c00b3609a5","POST NOT COMPLETED","0719f501-1c51-40c6-b8fd-24c5d308868b","METADATA NOT COMPLETED","d33626a6-5bd8-4a7e-9d64-242ac1ab6c79","CLOSING NOT COMPLETED"
121,"f39949ae-64fb-40cb-a3bc-0cbada78c8a3","NOT COMPLETED","","MOD","L2","MOD13Q1","NBR","DELTA","EFFIS",2019,3,"moving",18,10,"b47ef408-07fb-4aed-8d8c-ef322283481c",NA,"GEE NOT COMPLETED","b3435e47-b7ef-4703-9b91-83a5b871610a","POST NOT COMPLETED","b63e402a-6fa1-4028-a8b8-b1a870e8ee8b","METADATA NOT COMPLETED","8fde5c6a-39df-4b6b-a623-e4537feedab6","CLOSING NOT COMPLETED"
122,"edbae422-9f1c-4f86-9c35-f367f16c1652","NOT COMPLETED","","MOD","L2","MOD13Q1","NBR","RDELTA","EFFIS",2019,3,"moving",18,10,"340d652c-8003-46e1-8bbe-be1934ae7295",NA,"GEE NOT COMPLETED","63a71e9f-ba56-4337-9ff3-be4f4542e78d","POST NOT COMPLETED","314fe3d6-96c4-4c0e-bf52-0547bf7b7f9b","METADATA NOT COMPLETED","7f105ea5-829c-4514-8541-9420baf68751","CLOSING NOT COMPLETED"
123,"e48d532c-4e80-459b-96a4-89b7595dc227","NOT COMPLETED","","MOD","L2","MOD13Q1","NBR","RBR","EFFIS",2019,3,"moving",18,10,"76a7d462-6acc-4683-bd6d-840ae8376450",NA,"GEE NOT COMPLETED","0b1857b1-a27e-43e2-a815-6a02ff13f4ee","POST NOT COMPLETED","bb5f4d38-60e8-4c2a-8c18-2dc7ce19c57b","METADATA NOT COMPLETED","dcfb7d1a-62c5-45ae-a6fd-8570b7108448","CLOSING NOT COMPLETED"
124,"7df19ebc-b151-4d04-a9e1-128b8e733475","NOT COMPLETED","","MOD","L2","MOD13Q1","NBR","DELTA","EFFIS",2020,3,"moving",18,10,"2ded2ba7-b310-496f-9707-c7076fba18e6",NA,"GEE NOT COMPLETED","6863bfa1-6b79-4ce6-88fe-dc1ca1042d52","POST NOT COMPLETED","4109634d-e224-4ed7-aacb-02e65d169397","METADATA NOT COMPLETED","e47df3ef-a4d4-4055-a43e-4892d95fe551","CLOSING NOT COMPLETED"
125,"3cba1048-2f9e-4845-9db4-85a2ee11c961","NOT COMPLETED","","MOD","L2","MOD13Q1","NBR","RDELTA","EFFIS",2020,3,"moving",18,10,"0e0144da-ea1d-46fa-9c4d-d1c2283e3330",NA,"GEE NOT COMPLETED","d5f1a8d7-19c2-4f5b-804b-efe2cef59321","POST NOT COMPLETED","c4f4b276-0c8e-4c6a-9006-fac3fa316c49","METADATA NOT COMPLETED","378655f6-356d-4ae9-9a2c-ab1555ae536c","CLOSING NOT COMPLETED"
126,"14b9ee15-ff01-497f-95c4-cfac1f2fe7e1","NOT COMPLETED","","MOD","L2","MOD13Q1","NBR","RBR","EFFIS",2020,3,"moving",18,10,"cdd49d91-9dc5-473c-8b86-f3ff25e9630b",NA,"GEE NOT COMPLETED","e44dbcf4-5cc2-4ae7-aebf-0abd38688c5f","POST NOT COMPLETED","5a00889c-d8a9-49a1-9a65-1d579dcf41f6","METADATA NOT COMPLETED","c9e43aa5-0ad2-46cd-9fd1-73124e18d128","CLOSING NOT COMPLETED"
127,"485d8f0d-c86e-4e96-a63a-0b4dd54049a0","NOT COMPLETED","","MOD","L2","MOD13Q1","NBR","DELTA","EFFIS",2021,3,"moving",18,10,"17aad33b-d465-4e00-bcdd-209c90a0cf3b",NA,"GEE NOT COMPLETED","c7bc6ed5-8247-4e1f-97ab-7ebea10fa02e","POST NOT COMPLETED","5f18dba0-00d3-4274-a83b-0925cf99fab6","METADATA NOT COMPLETED","514a23db-fd0b-4cd7-98ac-e5b3473e657f","CLOSING NOT COMPLETED"
128,"678f3b86-9e5e-45b7-8ac5-047ba0a20a57","NOT COMPLETED","","MOD","L2","MOD13Q1","NBR","RDELTA","EFFIS",2021,3,"moving",18,10,"5ae4e06b-0589-4ce6-aa42-9c917c255a0c",NA,"GEE NOT COMPLETED","2ee7bd1d-6014-48e9-8986-2de10074ab82","POST NOT COMPLETED","a3ece80b-15e3-4234-bc2a-2585f15c225b","METADATA NOT COMPLETED","876b50fa-eae7-4d39-a2ff-e8f1faeefc0b","CLOSING NOT COMPLETED"
129,"d50aec94-3802-46ff-b693-ee6ca4220471","NOT COMPLETED","","MOD","L2","MOD13Q1","NBR","RBR","EFFIS",2021,3,"moving",18,10,"83f26185-a033-4b40-82fb-9a2d120087ce",NA,"GEE NOT COMPLETED","4b6ce51a-ff1a-4daf-afcc-f3464d32f6b5","POST NOT COMPLETED","50f996d2-a908-48c6-82df-64d14d58c152","METADATA NOT COMPLETED","a29eceb2-d466-4feb-9845-e08bdd53fe90","CLOSING NOT COMPLETED"
130,"19c8781c-9281-4b49-af36-4969e4f82e39","NOT COMPLETED","","MOD","L2","MOD13Q1","NBR","DELTA","EFFIS",2022,3,"moving",18,10,"d7910d28-63ed-432f-8ef0-b87d41f8a8e8",NA,"GEE NOT COMPLETED","dd8de629-9059-4e87-95a1-0b5674e9d1c0","POST NOT COMPLETED","efaf0c56-4bbb-4b6a-b065-5e5437685e1b","METADATA NOT COMPLETED","d01f3e2f-7fa0-450f-948e-bf608945f15f","CLOSING NOT COMPLETED"
131,"6e07838d-9e85-4f16-b837-78b0a2fbf521","NOT COMPLETED","","MOD","L2","MOD13Q1","NBR","RDELTA","EFFIS",2022,3,"moving",18,10,"a15f63db-29fe-4277-bd3d-564e538ee4ca",NA,"GEE NOT COMPLETED","45a2b44c-8930-48ba-b7fa-b535dabec2f3","POST NOT COMPLETED","ea678c17-f0aa-4119-8d42-b627460ea41d","METADATA NOT COMPLETED","7f5af037-f1f9-42c1-8869-7ebc9176a90e","CLOSING NOT COMPLETED"
132,"9a0b9394-274a-425b-a309-980c10030bd5","NOT COMPLETED","","MOD","L2","MOD13Q1","NBR","RBR","EFFIS",2022,3,"moving",18,10,"add0bdfa-63f8-4e81-9ccf-dce9e7eae796",NA,"GEE NOT COMPLETED","87e95f89-c84b-4470-8343-c5085cefd42a","POST NOT COMPLETED","f1b8995c-710e-4eda-a9f2-61a1a664ddb7","METADATA NOT COMPLETED","01aef78f-e8f3-4db6-9590-8a89d9d140d0","CLOSING NOT COMPLETED"
133,"21599ae2-2bbc-4079-bd50-13a7c81e4da2","NOT COMPLETED","","MOD","L2","MOD13Q1","NBR","DELTA","EFFIS",2001,3,"moving",21,10,"ffca92ad-a16c-4e8c-a938-0b681b77c381",NA,"GEE NOT COMPLETED","3ff529d3-bc52-4653-af88-1ae873c06ad1","POST NOT COMPLETED","eda2468b-b48c-4144-bda0-0ee08fc2f38f","METADATA NOT COMPLETED","54249e7f-d632-4efd-896d-e4f95c62d99a","CLOSING NOT COMPLETED"
134,"12ec2ed0-8233-4e1b-a56f-10d4275f0584","NOT COMPLETED","","MOD","L2","MOD13Q1","NBR","RDELTA","EFFIS",2001,3,"moving",21,10,"2ad487c0-672f-4792-914e-be162b79daae",NA,"GEE NOT COMPLETED","0fbad2ad-532b-4897-8484-a5188d7d34a7","POST NOT COMPLETED","c37a1d3b-852f-42ab-a6aa-f24e82f2253e","METADATA NOT COMPLETED","d396837a-d0a9-4f80-b66e-c7a43a7bbe10","CLOSING NOT COMPLETED"
135,"e16caa90-0ec7-46c9-aa93-b352f6ce2f52","NOT COMPLETED","","MOD","L2","MOD13Q1","NBR","RBR","EFFIS",2001,3,"moving",21,10,"7970fef1-a755-4d15-9f60-65853f1dca9a",NA,"GEE NOT COMPLETED","8f5911b8-1fef-4701-9fc4-33a1d35bf1d0","POST NOT COMPLETED","a89f644a-40ad-4f9e-a068-b75dd0bf2797","METADATA NOT COMPLETED","ad2ba5e2-1533-4c9d-8f7e-f834de273527","CLOSING NOT COMPLETED"
136,"ac86e3e8-e4a4-4280-9783-a9087be997c9","NOT COMPLETED","","MOD","L2","MOD13Q1","NBR","DELTA","EFFIS",2002,3,"moving",21,10,"42a84f3d-48f4-4887-987b-00ea1f8b4548",NA,"GEE NOT COMPLETED","33fb92a5-009b-4911-916e-69f7f01309ff","POST NOT COMPLETED","cce88469-4b50-4b55-af4c-e6850a06e107","METADATA NOT COMPLETED","75732fec-6291-4592-bf09-32cd062444ad","CLOSING NOT COMPLETED"
137,"0c487e89-4324-4bf9-97e3-022f351e5aa9","NOT COMPLETED","","MOD","L2","MOD13Q1","NBR","RDELTA","EFFIS",2002,3,"moving",21,10,"4718d031-fc96-468f-a248-e2fd7075a166",NA,"GEE NOT COMPLETED","185b20f5-26bd-46c5-9b7c-78bd54054376","POST NOT COMPLETED","40b5628a-9815-42d1-8306-7998194e1d45","METADATA NOT COMPLETED","d101af1b-d6d0-41ff-b203-44a35dd4dfbc","CLOSING NOT COMPLETED"
138,"19ba82b0-dffc-40f1-8a70-05c0eb40bc93","NOT COMPLETED","","MOD","L2","MOD13Q1","NBR","RBR","EFFIS",2002,3,"moving",21,10,"e9458aaa-7195-4243-bc30-348072197d7c",NA,"GEE NOT COMPLETED","65577ac6-aa0b-4eca-8ace-14e0ba57a696","POST NOT COMPLETED","967a757e-af7f-44d9-b922-69a82f486b18","METADATA NOT COMPLETED","34bb97dc-8039-4f1e-b32f-12d7ba605d90","CLOSING NOT COMPLETED"
139,"b040cda1-de34-43aa-b9c7-4e5c33658a5c","NOT COMPLETED","","MOD","L2","MOD13Q1","NBR","DELTA","EFFIS",2003,3,"moving",21,10,"96232ac3-a16d-4f1d-bac7-73ce4625b704",NA,"GEE NOT COMPLETED","bde8d0bf-bd7e-47c0-adb7-84e5eb96408c","POST NOT COMPLETED","28c4fc77-10ff-45cd-bcd5-5d55a29ff806","METADATA NOT COMPLETED","21440253-e804-44fb-9718-010ba1d0a6a1","CLOSING NOT COMPLETED"
140,"bce0ddac-055f-40cf-bdb4-a9640ccedd9c","NOT COMPLETED","","MOD","L2","MOD13Q1","NBR","RDELTA","EFFIS",2003,3,"moving",21,10,"87bdba5d-cd53-4a93-9401-37caed0ff4bb",NA,"GEE NOT COMPLETED","4b0b6baa-2a4a-45c9-a8df-b863c751e789","POST NOT COMPLETED","cc2631bd-4f91-4ff0-be6b-b30d58ae08a4","METADATA NOT COMPLETED","edce9d0c-4085-4423-9724-6ffa3d3d32a3","CLOSING NOT COMPLETED"
141,"7a36331c-5667-4db4-b3e3-8461f3597934","NOT COMPLETED","","MOD","L2","MOD13Q1","NBR","RBR","EFFIS",2003,3,"moving",21,10,"93074da2-753a-45de-9aaa-71cca3596662",NA,"GEE NOT COMPLETED","efb44835-be8f-4ec1-9e1a-adbfe277c627","POST NOT COMPLETED","31cb2f87-b4ff-4999-963c-addd07e291cc","METADATA NOT COMPLETED","734ee4c9-f288-4f21-bea0-0a7b0d79f5bf","CLOSING NOT COMPLETED"
142,"b069a24f-95c0-4ef6-aecd-169f413005b0","NOT COMPLETED","","MOD","L2","MOD13Q1","NBR","DELTA","EFFIS",2004,3,"moving",21,10,"762faeac-4126-4c8d-87a6-6971970c652c",NA,"GEE NOT COMPLETED","d978b1ba-5b48-4778-9403-9367a0bcb461","POST NOT COMPLETED","181f26da-422f-49ef-8590-b9736df8458d","METADATA NOT COMPLETED","485f83ea-b9b3-415d-8eb9-2f3dd89b4fe9","CLOSING NOT COMPLETED"
143,"944aec60-527c-4186-8d11-34a62a935867","NOT COMPLETED","","MOD","L2","MOD13Q1","NBR","RDELTA","EFFIS",2004,3,"moving",21,10,"4d5e99cf-17d7-426d-8c6b-83a0446a393a",NA,"GEE NOT COMPLETED","089feaa7-bbe9-40ec-ace0-0b4e9c7ec998","POST NOT COMPLETED","b57058fd-a7bf-4e7b-92bb-69466d2f549f","METADATA NOT COMPLETED","5d643c61-6bce-4b82-a72e-e5f9cdb16fcc","CLOSING NOT COMPLETED"
144,"fc0f3685-2a1b-4b01-92d1-a16574f7eb69","NOT COMPLETED","","MOD","L2","MOD13Q1","NBR","RBR","EFFIS",2004,3,"moving",21,10,"4ab1fb82-cb95-443f-96c8-cdb5531111bc",NA,"GEE NOT COMPLETED","c5cd48ed-09a6-4cff-8198-1ca83a71643a","POST NOT COMPLETED","2ad319ae-2ce6-4efb-b96b-0ac09276dada","METADATA NOT COMPLETED","73ca7761-7595-479a-88f7-8a1351e0b785","CLOSING NOT COMPLETED"
145,"5e006c96-f5ad-4515-8605-d2801e14114f","NOT COMPLETED","","MOD","L2","MOD13Q1","NBR","DELTA","EFFIS",2005,3,"moving",21,10,"95bb3422-13a5-4dd9-a1b8-e789047f9198",NA,"GEE NOT COMPLETED","cd3b798d-11f0-48d0-b160-c4d28eb73462","POST NOT COMPLETED","9c969adf-4cb0-4bc2-885d-c05be0891fcb","METADATA NOT COMPLETED","e6f5a1b1-7d96-4f3f-bdb3-3c4ce74edda4","CLOSING NOT COMPLETED"
146,"a97446a2-da80-42e7-aa5b-d9d266181f28","NOT COMPLETED","","MOD","L2","MOD13Q1","NBR","RDELTA","EFFIS",2005,3,"moving",21,10,"b0f2a22e-99dc-409b-b319-9b60bc9ba499",NA,"GEE NOT COMPLETED","01c7209d-8089-40e2-8928-cc19c482936a","POST NOT COMPLETED","ac46311f-a66d-4bd1-9552-cba43f2edac0","METADATA NOT COMPLETED","7bfc8418-132e-4f75-9aa4-cb4cf24a7139","CLOSING NOT COMPLETED"
147,"0440f2bc-cdf2-41ea-beab-15bd769c0fdc","NOT COMPLETED","","MOD","L2","MOD13Q1","NBR","RBR","EFFIS",2005,3,"moving",21,10,"6f696145-b369-47b8-aafe-791eeed43132",NA,"GEE NOT COMPLETED","aff5933b-8058-4bee-90d8-a655152190f7","POST NOT COMPLETED","82dcd46f-e4a6-448e-921b-1f9eedc3369f","METADATA NOT COMPLETED","4c56cc75-4b88-4076-bea3-962a4cb815ae","CLOSING NOT COMPLETED"
148,"06f5155b-5c06-4f60-ab26-3dd857cf54e3","NOT COMPLETED","","MOD","L2","MOD13Q1","NBR","DELTA","EFFIS",2006,3,"moving",21,10,"32922563-4605-4d15-8ff4-81c2aa997770",NA,"GEE NOT COMPLETED","1305a54e-43e6-426d-a39a-c94f4acee2dd","POST NOT COMPLETED","1dfd9882-e2d7-49ba-87d9-e25c54dc56ca","METADATA NOT COMPLETED","adc79dcf-1641-4a5a-a1dc-654a8d3fa0e4","CLOSING NOT COMPLETED"
149,"44cf0859-710f-4bec-b6d8-d62098382d3d","NOT COMPLETED","","MOD","L2","MOD13Q1","NBR","RDELTA","EFFIS",2006,3,"moving",21,10,"53794290-f550-4d4a-b10b-b265ed5f6023",NA,"GEE NOT COMPLETED","cb8d33ac-9235-4c89-b232-aeba506e6867","POST NOT COMPLETED","066571db-1855-46ae-a922-ec12ad1327e1","METADATA NOT COMPLETED","c1390747-877e-4e03-a8e1-0773ffb34f21","CLOSING NOT COMPLETED"
150,"c8a51463-9a7d-4e14-898a-6787b2384593","NOT COMPLETED","","MOD","L2","MOD13Q1","NBR","RBR","EFFIS",2006,3,"moving",21,10,"6a008aab-b343-4616-84ba-ff4164a7116e",NA,"GEE NOT COMPLETED","b2533c70-4932-496b-9302-1a005b213bff","POST NOT COMPLETED","3060ffac-c84f-4c8c-989d-b95db9002f30","METADATA NOT COMPLETED","cb3e7dbe-884e-487b-85ab-80796feae75d","CLOSING NOT COMPLETED"
151,"e31a9b9d-6aba-4aa9-a4a5-916885db64b6","NOT COMPLETED","","MOD","L2","MOD13Q1","NBR","DELTA","EFFIS",2007,3,"moving",21,10,"60bba102-cf5c-4b72-a5d8-91cc90abeab8",NA,"GEE NOT COMPLETED","b7b4096b-300e-467b-ae39-6668a7d8d99e","POST NOT COMPLETED","e30af773-96a7-45a5-87c6-db7f182d572e","METADATA NOT COMPLETED","d70cb18a-3f3c-4adc-8f44-e4f1724de13f","CLOSING NOT COMPLETED"
152,"248eff5b-16a8-43f3-a69d-46e540f2f5b3","NOT COMPLETED","","MOD","L2","MOD13Q1","NBR","RDELTA","EFFIS",2007,3,"moving",21,10,"817827c3-39b1-4724-8efc-3aab3cfe40a6",NA,"GEE NOT COMPLETED","521f43f1-a836-467a-bfa8-979b1fb90eb9","POST NOT COMPLETED","06b9b218-7601-47b2-80a9-9bbeae9c2e23","METADATA NOT COMPLETED","c70aae66-f443-4932-99a2-47c8c550aefd","CLOSING NOT COMPLETED"
153,"c9d7f07f-b4c7-44c6-874c-6963fd6151ea","NOT COMPLETED","","MOD","L2","MOD13Q1","NBR","RBR","EFFIS",2007,3,"moving",21,10,"ca943e3a-e52d-4e92-94a0-60ecb740c7c4",NA,"GEE NOT COMPLETED","9fe18f01-a106-47a6-bdea-1f56a754519f","POST NOT COMPLETED","a7168b92-07a7-42ec-acb2-14e873f889ec","METADATA NOT COMPLETED","5c6fadfe-5c76-4c56-b8d2-9bdddd04cfa8","CLOSING NOT COMPLETED"
154,"4a18ed9c-3b99-437c-9b4f-b994a962a9da","NOT COMPLETED","","MOD","L2","MOD13Q1","NBR","DELTA","EFFIS",2008,3,"moving",21,10,"a525a3b8-7a55-4a26-aeec-30f367e282ed",NA,"GEE NOT COMPLETED","9114d871-79bf-4903-98b3-a0388b52c1c4","POST NOT COMPLETED","8b2825cf-3d88-4066-8792-3fb6f96198bb","METADATA NOT COMPLETED","7db779c4-ea95-49f3-acf5-ad5272f90695","CLOSING NOT COMPLETED"
155,"bb0f210d-eecc-4740-b174-7f900b0e1de0","NOT COMPLETED","","MOD","L2","MOD13Q1","NBR","RDELTA","EFFIS",2008,3,"moving",21,10,"dc007cd2-ec05-4ce2-b632-92e5b57e39dd",NA,"GEE NOT COMPLETED","47a55abb-f04c-49a7-ba3a-6ba34e8fa3e7","POST NOT COMPLETED","9f41ac84-aeb7-4c1b-af59-e07164fdfec4","METADATA NOT COMPLETED","f297d0da-4680-499e-850e-3240222bd23f","CLOSING NOT COMPLETED"
156,"9f9190b3-0824-4107-b185-b3a083ed82eb","NOT COMPLETED","","MOD","L2","MOD13Q1","NBR","RBR","EFFIS",2008,3,"moving",21,10,"3ca472ab-5af6-490e-b7be-27dc863b46e8",NA,"GEE NOT COMPLETED","675ee123-43cc-4cc0-8582-68fa0d8c183d","POST NOT COMPLETED","f762687a-dde9-4f1b-b4db-1df84bdc868d","METADATA NOT COMPLETED","12f58832-a08f-4e6e-990d-c488875afffb","CLOSING NOT COMPLETED"
157,"8a204a5c-e274-42c1-a3d2-665610bbb552","NOT COMPLETED","","MOD","L2","MOD13Q1","NBR","DELTA","EFFIS",2009,3,"moving",21,10,"cf29da4a-c6bb-4f6b-834f-fdb91cd68689",NA,"GEE NOT COMPLETED","7c2d7f5f-c8fc-4096-830c-e97d277ef9ab","POST NOT COMPLETED","b5170e06-bb37-4f2b-b7e8-8dab055d4626","METADATA NOT COMPLETED","d2fcbe00-5fe7-45c6-a103-abb9c6255251","CLOSING NOT COMPLETED"
158,"fe1ade47-a106-4305-b841-e5ec01fc8c6e","NOT COMPLETED","","MOD","L2","MOD13Q1","NBR","RDELTA","EFFIS",2009,3,"moving",21,10,"d9cef328-98c9-475a-b6aa-6bca22b29695",NA,"GEE NOT COMPLETED","2c20e72c-7e09-4d84-88f0-4c7a7a0792b3","POST NOT COMPLETED","8665aa24-34ec-434c-92bf-ae59edebd7c1","METADATA NOT COMPLETED","3e54c872-6840-42d9-b427-38e231e5e652","CLOSING NOT COMPLETED"
159,"c2f616af-4b8f-4d40-b8c8-a3b9c45f4a8b","NOT COMPLETED","","MOD","L2","MOD13Q1","NBR","RBR","EFFIS",2009,3,"moving",21,10,"c8e66892-5ebc-4c9e-a8ba-b0e7cdbd79ef",NA,"GEE NOT COMPLETED","408b9c36-61e8-4fd5-8acc-f34bed628ab3","POST NOT COMPLETED","897893cd-01b7-40ce-be23-c655fb4c9e8b","METADATA NOT COMPLETED","0469242f-9728-452d-a68b-778bf8657ff8","CLOSING NOT COMPLETED"
160,"6b1bf2a6-682b-4a86-b32b-8e80ec0be80c","NOT COMPLETED","","MOD","L2","MOD13Q1","NBR","DELTA","EFFIS",2010,3,"moving",21,10,"8c0612e0-8426-47b8-836b-f0ed6535cc0f",NA,"GEE NOT COMPLETED","8ec4aae4-3e61-435e-8df9-6104dbaf6892","POST NOT COMPLETED","36a91808-943d-4ff8-83dd-fcc53be5f186","METADATA NOT COMPLETED","f116bae4-de9a-4e19-a667-db22295b4959","CLOSING NOT COMPLETED"
161,"7e88699d-151b-48b3-a2f8-f2d86bf76f4a","NOT COMPLETED","","MOD","L2","MOD13Q1","NBR","RDELTA","EFFIS",2010,3,"moving",21,10,"17bc8f13-0b39-4160-8717-a59893646c5c",NA,"GEE NOT COMPLETED","765a9924-141a-48ab-9d3a-76edd8e8c707","POST NOT COMPLETED","90a13c2a-8271-49a3-9c1b-ed4cc2604683","METADATA NOT COMPLETED","00f625cf-5d31-422f-a26f-932f23800f42","CLOSING NOT COMPLETED"
162,"0d27dd1c-64e3-4441-89e9-7798599c85a8","NOT COMPLETED","","MOD","L2","MOD13Q1","NBR","RBR","EFFIS",2010,3,"moving",21,10,"7944e2bf-46fc-4679-8825-9dae6f914d83",NA,"GEE NOT COMPLETED","7ba807cb-a109-4026-a6c3-35f26ed2a083","POST NOT COMPLETED","597c3aa3-9df9-4c2b-851a-e045138dd6fd","METADATA NOT COMPLETED","e925f60b-7649-40d7-b4f3-c94c05cf71e6","CLOSING NOT COMPLETED"
163,"b45ffda2-800b-4398-8162-30de298d2aa6","NOT COMPLETED","","MOD","L2","MOD13Q1","NBR","DELTA","EFFIS",2011,3,"moving",21,10,"fb2c5fcc-28fe-4f56-9049-f34e523ee6d9",NA,"GEE NOT COMPLETED","7062c92d-f039-41dd-92bc-ae855b127284","POST NOT COMPLETED","fa73314b-a72d-43c3-9542-640d8f4d36e5","METADATA NOT COMPLETED","1a6987d4-ad68-431d-b0c2-2cbec6c77f42","CLOSING NOT COMPLETED"
164,"c5dca720-2476-4b19-963d-aea96a2e0318","NOT COMPLETED","","MOD","L2","MOD13Q1","NBR","RDELTA","EFFIS",2011,3,"moving",21,10,"8b4956d1-9979-4993-b6fb-45dc228ae80b",NA,"GEE NOT COMPLETED","e524c6e8-62ba-41ed-8817-cd1fbdc0b26a","POST NOT COMPLETED","b5b3d715-8a58-47d0-80ab-7761f3fca9e8","METADATA NOT COMPLETED","0b4921ab-d053-4ca1-a6ec-b2e8f7bacc66","CLOSING NOT COMPLETED"
165,"ab038eb6-a6a7-4eee-b607-1106b0c372c2","NOT COMPLETED","","MOD","L2","MOD13Q1","NBR","RBR","EFFIS",2011,3,"moving",21,10,"014ba90d-cff8-4ff9-8930-322bf2517685",NA,"GEE NOT COMPLETED","86b7f0ab-7eb3-4fb8-9526-d3b22c229ca0","POST NOT COMPLETED","b6db28ff-700e-4a5e-ad2a-654329c460b5","METADATA NOT COMPLETED","36a8c437-49c8-4424-9626-f9348418c4be","CLOSING NOT COMPLETED"
166,"f962887b-f7ea-411a-b7ec-a8431a51f62b","NOT COMPLETED","","MOD","L2","MOD13Q1","NBR","DELTA","EFFIS",2012,3,"moving",21,10,"5dd352d9-9125-4bff-9781-2af68d541bf0",NA,"GEE NOT COMPLETED","6bf3e14b-8c46-43fd-93da-ae0b27884cb6","POST NOT COMPLETED","d2109fc3-39cd-4741-a42c-f4cc9ed1c3fe","METADATA NOT COMPLETED","fe288497-ab86-4493-8f0e-1235f7d17954","CLOSING NOT COMPLETED"
167,"28db8476-3f29-4985-abce-87ef4cb1d870","NOT COMPLETED","","MOD","L2","MOD13Q1","NBR","RDELTA","EFFIS",2012,3,"moving",21,10,"857f9c8c-bb93-4e47-86b4-39784adc5597",NA,"GEE NOT COMPLETED","eaa06253-6393-4b5b-85c1-31b6e427f008","POST NOT COMPLETED","6b92d24d-fd4b-4378-819b-487fe5024b74","METADATA NOT COMPLETED","e4c26f5d-9a3f-46fe-b4bc-f9ba171a1dc6","CLOSING NOT COMPLETED"
168,"fb62c666-a1f7-4376-9efe-75cc25d20323","NOT COMPLETED","","MOD","L2","MOD13Q1","NBR","RBR","EFFIS",2012,3,"moving",21,10,"81a2946b-47ec-4065-af80-05934c4dc117",NA,"GEE NOT COMPLETED","ced8cc6d-0a47-4aab-acc8-5e66976366da","POST NOT COMPLETED","38cf6029-82c6-4204-b028-f46a20faa3f0","METADATA NOT COMPLETED","a4838231-1040-4049-b382-f696903e317a","CLOSING NOT COMPLETED"
169,"05783e7d-c321-4f36-9fc0-495f494da48a","NOT COMPLETED","","MOD","L2","MOD13Q1","NBR","DELTA","EFFIS",2013,3,"moving",21,10,"8ad00f74-af3f-4713-8ae3-f91dc65d0d8a",NA,"GEE NOT COMPLETED","16424ed0-fb25-4875-9b7e-ae60226e5c47","POST NOT COMPLETED","f987b7f5-9286-49d2-8a24-00fe30e286e5","METADATA NOT COMPLETED","1bcefbab-8f41-4c8f-9c44-bdc2bb6731e1","CLOSING NOT COMPLETED"
170,"c790d706-777a-4409-a94a-adcd4d2372ff","NOT COMPLETED","","MOD","L2","MOD13Q1","NBR","RDELTA","EFFIS",2013,3,"moving",21,10,"672875a4-0bbe-4227-9e5d-365f7c619311",NA,"GEE NOT COMPLETED","62dc92a3-ae4f-4dfb-9e81-a5976eef372c","POST NOT COMPLETED","094de20e-3c80-4113-9d3c-7a0da8fac6d5","METADATA NOT COMPLETED","6aaafb4f-775b-4c83-bb0c-3160e07eacea","CLOSING NOT COMPLETED"
171,"ea009954-5e21-4347-b3b3-13b6e86e0fde","NOT COMPLETED","","MOD","L2","MOD13Q1","NBR","RBR","EFFIS",2013,3,"moving",21,10,"955033f1-c29c-47db-8454-c1996253943d",NA,"GEE NOT COMPLETED","c78e862e-d295-4c88-9742-df1899548b67","POST NOT COMPLETED","3ea3acf0-6ce2-4dc6-abe4-9004a50c8894","METADATA NOT COMPLETED","bb24ce02-40b8-463e-904b-199c682cdabf","CLOSING NOT COMPLETED"
172,"e4ae7ec7-eb25-4a4f-8e85-c65fdc0ac75c","NOT COMPLETED","","MOD","L2","MOD13Q1","NBR","DELTA","EFFIS",2014,3,"moving",21,10,"18af7b48-767b-47e8-9f0c-0706b1f87ca6",NA,"GEE NOT COMPLETED","386e80b2-1927-45ec-89a6-7ddc2fdb258e","POST NOT COMPLETED","0d086510-6ab1-40dd-bf97-ceb4a4923836","METADATA NOT COMPLETED","452ccbd5-fd7d-4dc0-abea-5b4a53cb1ac9","CLOSING NOT COMPLETED"
173,"72330888-b7f1-4c3c-b408-58da912a2f48","NOT COMPLETED","","MOD","L2","MOD13Q1","NBR","RDELTA","EFFIS",2014,3,"moving",21,10,"14f97ea3-225c-45c1-a7d5-03164ee72b3b",NA,"GEE NOT COMPLETED","8d28d243-ffd6-42b4-8b98-3629ad910355","POST NOT COMPLETED","7ad93f61-c735-4e94-b13b-90c05757a9e3","METADATA NOT COMPLETED","6599e73c-0867-433e-9467-dfa9ffd77af4","CLOSING NOT COMPLETED"
174,"d777fa28-8d9f-4a1d-b4a3-bda9b42832c6","NOT COMPLETED","","MOD","L2","MOD13Q1","NBR","RBR","EFFIS",2014,3,"moving",21,10,"cc915627-e8a1-4dd6-adde-26c2408221a7",NA,"GEE NOT COMPLETED","26c4802e-e9ac-4300-ad3f-c4bf59723f61","POST NOT COMPLETED","d2138afe-4dc1-4a21-aa42-f6cc5db33e6a","METADATA NOT COMPLETED","7eb90f52-7fbd-4f7f-a7ea-edc87a1c78ea","CLOSING NOT COMPLETED"
175,"2c9220df-841e-41ba-a808-71d2e43d4f7a","NOT COMPLETED","","MOD","L2","MOD13Q1","NBR","DELTA","EFFIS",2015,3,"moving",21,10,"ab73fe11-8077-4912-b43e-39e912492dab",NA,"GEE NOT COMPLETED","988bec7f-1a26-4e63-80c9-69a3f125bd9a","POST NOT COMPLETED","1eb317ff-36e9-41a4-b014-691b815e3463","METADATA NOT COMPLETED","30e87d96-04c1-4bea-8a6b-9f22431f7edc","CLOSING NOT COMPLETED"
176,"154396a3-56eb-49a7-9e52-8164694fd795","NOT COMPLETED","","MOD","L2","MOD13Q1","NBR","RDELTA","EFFIS",2015,3,"moving",21,10,"c5c929e7-802c-42ad-99cb-89098c3ef10e",NA,"GEE NOT COMPLETED","da324b25-4a96-40ad-9055-69d262d1d1ca","POST NOT COMPLETED","efe1e0c0-c36d-44e4-b887-3f1ba4608fb0","METADATA NOT COMPLETED","f6a67023-bfdf-4dcc-b0dc-3a877b763a3f","CLOSING NOT COMPLETED"
177,"925b56d1-672d-4bba-95d1-54ef26bb4998","NOT COMPLETED","","MOD","L2","MOD13Q1","NBR","RBR","EFFIS",2015,3,"moving",21,10,"51e04a1e-bf57-4fa8-9d5f-cb6d4fdc38e8",NA,"GEE NOT COMPLETED","f56b15c9-3417-43cc-9538-843b51cbcfcc","POST NOT COMPLETED","ef28f59c-cedf-4d08-af1c-c3fb2c5617fa","METADATA NOT COMPLETED","666ef54a-1286-4b11-93fc-acc6f4f5f045","CLOSING NOT COMPLETED"
178,"397b9a19-770d-4927-b159-022cf20a08a4","NOT COMPLETED","","MOD","L2","MOD13Q1","NBR","DELTA","EFFIS",2016,3,"moving",21,10,"b9a25e0b-8a3f-49d8-bcf5-397ce2bbd99a",NA,"GEE NOT COMPLETED","21850d59-9c35-4f07-8fed-399bf4f8994b","POST NOT COMPLETED","09cc3617-4ddc-418f-9ba6-5630e032770a","METADATA NOT COMPLETED","25076962-64be-4b7a-8133-865142ae1e79","CLOSING NOT COMPLETED"
179,"fc6cad12-a78c-4129-b230-1bc14ed9311c","NOT COMPLETED","","MOD","L2","MOD13Q1","NBR","RDELTA","EFFIS",2016,3,"moving",21,10,"8f76a787-dc2b-426c-8203-8b3a4e58c323",NA,"GEE NOT COMPLETED","4209453a-62c3-4771-aa9b-8349bd65be3a","POST NOT COMPLETED","1ac98645-3109-4aea-9ade-dc27bc9c14c9","METADATA NOT COMPLETED","6ca19a06-4c00-4e20-b61f-7332e2c9bc0d","CLOSING NOT COMPLETED"
180,"477b4944-027f-4608-8948-6e122f89444e","NOT COMPLETED","","MOD","L2","MOD13Q1","NBR","RBR","EFFIS",2016,3,"moving",21,10,"b04c5cfc-63fa-4a07-9faf-fb80d5679e8a",NA,"GEE NOT COMPLETED","aa0f452c-81ae-4489-a4f0-3d9376936d5c","POST NOT COMPLETED","ad1ddee4-1ca5-4246-94d4-cc7f0a81d10d","METADATA NOT COMPLETED","9dd67c2d-685d-44bb-9f0f-bf56b87867ac","CLOSING NOT COMPLETED"
181,"85a4859b-1f05-4260-8971-87342eb69053","NOT COMPLETED","","MOD","L2","MOD13Q1","NBR","DELTA","EFFIS",2017,3,"moving",21,10,"7fff5326-c8e8-4084-a502-8b7ece69a0dc",NA,"GEE NOT COMPLETED","e79994a2-1fc2-4ffe-a33d-c5b8dbeb81b3","POST NOT COMPLETED","74e46d5c-d96a-4994-80aa-105a82b9fed0","METADATA NOT COMPLETED","7b515988-c3c8-40fb-8534-1b07465ee6b4","CLOSING NOT COMPLETED"
182,"a4183c38-1eba-4c40-b6b6-d55776d7277d","NOT COMPLETED","","MOD","L2","MOD13Q1","NBR","RDELTA","EFFIS",2017,3,"moving",21,10,"8c50a760-c4c0-41ae-811f-c7c375d39eaa",NA,"GEE NOT COMPLETED","891df53d-dc87-4c23-9a77-9b2a3e75fabc","POST NOT COMPLETED","89cf1563-1137-456a-8c44-852050e0a870","METADATA NOT COMPLETED","c19caa2d-9a34-4887-940a-1e4b1e4064de","CLOSING NOT COMPLETED"
183,"6ef134d5-5f7c-400b-92bd-eb2f4f675ba6","NOT COMPLETED","","MOD","L2","MOD13Q1","NBR","RBR","EFFIS",2017,3,"moving",21,10,"18f4f5e8-4f60-40de-9327-e6847914f301",NA,"GEE NOT COMPLETED","3eb0f26b-c22f-4b80-8fca-782478eb508f","POST NOT COMPLETED","bb7f0f39-045e-4e26-bbce-c11db02a4bc8","METADATA NOT COMPLETED","c7bde372-41bf-4154-955a-0b9030e6a042","CLOSING NOT COMPLETED"
184,"cd253b6b-b190-45cd-a1a6-aa7fcfe9b384","NOT COMPLETED","","MOD","L2","MOD13Q1","NBR","DELTA","EFFIS",2018,3,"moving",21,10,"c3bda653-8a17-46e3-a01c-11c959f1bca8",NA,"GEE NOT COMPLETED","e489ac20-fb27-4852-b22c-7eaa214630d4","POST NOT COMPLETED","bc7aa2c9-efa4-411c-9f58-7ed7bf45e90b","METADATA NOT COMPLETED","b5bf5ebe-3dcf-4dd7-bc5e-e3e7d35a9dc6","CLOSING NOT COMPLETED"
185,"2bf04534-9a32-420c-aa3c-010e7920e47d","NOT COMPLETED","","MOD","L2","MOD13Q1","NBR","RDELTA","EFFIS",2018,3,"moving",21,10,"e50cb65a-b24f-4160-a34a-c825eb8ce42c",NA,"GEE NOT COMPLETED","78bcc281-4b95-411d-b080-82cfe72595b6","POST NOT COMPLETED","525d6b5c-95b2-4cca-b3aa-144e201d056c","METADATA NOT COMPLETED","fd632baa-b154-4c76-b9f7-201e56376d5b","CLOSING NOT COMPLETED"
186,"b3cb7427-0445-4552-882c-7f8b4cba5f0e","NOT COMPLETED","","MOD","L2","MOD13Q1","NBR","RBR","EFFIS",2018,3,"moving",21,10,"222802e4-fa1d-4e16-bd23-9a46a25fa494",NA,"GEE NOT COMPLETED","a53e272f-36ab-41b2-aaa1-0c67898445fe","POST NOT COMPLETED","d0d05d43-d515-45f8-aa29-dc967cb75d76","METADATA NOT COMPLETED","aeedec0b-c9d9-4e3d-8fe1-1c8cb4953b82","CLOSING NOT COMPLETED"
187,"a91e7178-8b3c-4af9-b7d4-c4b58fd7048e","NOT COMPLETED","","MOD","L2","MOD13Q1","NBR","DELTA","EFFIS",2019,3,"moving",21,10,"b4fc1b28-1ee9-4bbf-b73b-89539a2faec2",NA,"GEE NOT COMPLETED","b4fdf2f0-a953-4bd2-87c3-19c0266ada8a","POST NOT COMPLETED","807b50f7-955e-4939-a975-6e12df40e010","METADATA NOT COMPLETED","1ac9a8ba-b46b-460f-acd9-22adcf4514b4","CLOSING NOT COMPLETED"
188,"6902f38e-a112-4f1a-91a3-4215e765fc20","NOT COMPLETED","","MOD","L2","MOD13Q1","NBR","RDELTA","EFFIS",2019,3,"moving",21,10,"487a82e9-8247-44f6-bc4c-660f2db1253b",NA,"GEE NOT COMPLETED","27148e67-61e7-4ab6-b0c9-f8aa5ff3c39e","POST NOT COMPLETED","cb64c266-509b-4f50-bd08-991edf1c0f72","METADATA NOT COMPLETED","6651b5cc-5b8e-4188-aa7e-d130c09c1b41","CLOSING NOT COMPLETED"
189,"b1d8af27-97fb-4447-8bbf-29b30466eb60","NOT COMPLETED","","MOD","L2","MOD13Q1","NBR","RBR","EFFIS",2019,3,"moving",21,10,"460580ff-b03b-47a4-88f0-f7e3331a7139",NA,"GEE NOT COMPLETED","374fb408-1c5f-41dc-a7df-6c1fc712510c","POST NOT COMPLETED","a9407d60-6f65-42fd-a545-cfa88c4d6653","METADATA NOT COMPLETED","8c03d494-54d8-4ba7-9260-75a5beb1f6d4","CLOSING NOT COMPLETED"
190,"192975f7-f82e-413d-b03a-3db64e08c240","NOT COMPLETED","","MOD","L2","MOD13Q1","NBR","DELTA","EFFIS",2020,3,"moving",21,10,"99357887-b814-4a60-954f-07b2efe7d75b",NA,"GEE NOT COMPLETED","9c2f59ee-ef4c-4110-ad7e-4b1b539c4259","POST NOT COMPLETED","d553cb8e-a371-48d5-827d-02b0077b76a6","METADATA NOT COMPLETED","b29c8cc5-e3be-4d96-bcb9-cf710a08d834","CLOSING NOT COMPLETED"
191,"9b9b74bb-95bf-427d-be96-8fa6426ee881","NOT COMPLETED","","MOD","L2","MOD13Q1","NBR","RDELTA","EFFIS",2020,3,"moving",21,10,"430d793f-995a-40f2-b42c-ed879a23be58",NA,"GEE NOT COMPLETED","ddf42e38-25c4-47d3-ad44-6973fae09559","POST NOT COMPLETED","9b3ef326-b699-4a34-9f14-fdd701a63b30","METADATA NOT COMPLETED","44431222-2d22-4980-a729-9ce10ccf65c3","CLOSING NOT COMPLETED"
192,"348b1cb1-00fe-4921-ae74-794384ae4c4e","NOT COMPLETED","","MOD","L2","MOD13Q1","NBR","RBR","EFFIS",2020,3,"moving",21,10,"2a21046f-c2ac-415d-92e9-98001196a856",NA,"GEE NOT COMPLETED","cb8523bf-2bc4-492b-a4f4-25af088b458c","POST NOT COMPLETED","b0ee09aa-f4f7-46df-9367-bef48ed96a48","METADATA NOT COMPLETED","d690b02d-8e56-4a18-adc1-d2149f03e446","CLOSING NOT COMPLETED"
193,"4e438066-2c00-45da-af55-7aad30aba42e","NOT COMPLETED","","MOD","L2","MOD13Q1","NBR","DELTA","EFFIS",2021,3,"moving",21,10,"35ca69ec-4fe9-4e9a-8bb4-0ef1b81bd0bf",NA,"GEE NOT COMPLETED","3ae46af7-6c45-4ff2-a915-d3f8ec1ab59c","POST NOT COMPLETED","0cfbfe45-5fb1-4d6d-8e3f-e2aff9a50433","METADATA NOT COMPLETED","624cdfe9-69ab-41a5-9986-d7c3883ae473","CLOSING NOT COMPLETED"
194,"3a30fcbf-7924-4521-9643-943cf113670b","NOT COMPLETED","","MOD","L2","MOD13Q1","NBR","RDELTA","EFFIS",2021,3,"moving",21,10,"e6518704-2e6f-40e4-aa44-c41c357abfe8",NA,"GEE NOT COMPLETED","ff4fece5-d4fa-4305-ab18-bba358abce7f","POST NOT COMPLETED","66881e96-d16d-48ae-ba94-4e1be7514936","METADATA NOT COMPLETED","a281e599-3928-49b2-a343-b347d0743e29","CLOSING NOT COMPLETED"
195,"0f611dc4-e130-4e9f-99b1-55308ecae2fb","NOT COMPLETED","","MOD","L2","MOD13Q1","NBR","RBR","EFFIS",2021,3,"moving",21,10,"32cbc3aa-f5f8-4839-ba67-e0cef3b90308",NA,"GEE NOT COMPLETED","b85839ab-b987-4fb0-9b9d-73459180c84b","POST NOT COMPLETED","8040567e-f4db-44cc-b09c-2b9199434b98","METADATA NOT COMPLETED","230cbe38-c664-4eed-84c2-34f4e6236a6c","CLOSING NOT COMPLETED"
196,"36b18b29-93ce-4baf-8f1f-8119d58c9527","NOT COMPLETED","","MOD","L2","MOD13Q1","NBR","DELTA","EFFIS",2022,3,"moving",21,10,"f17874e8-856c-4896-b727-42d985f1f4b2",NA,"GEE NOT COMPLETED","5ade3ea7-95a1-4877-92a0-f6ffae6a33a4","POST NOT COMPLETED","94ce1b13-46b3-4442-8f8b-756c3967d893","METADATA NOT COMPLETED","96bb8ff2-4ff2-4eb2-8eeb-6f22cab6df49","CLOSING NOT COMPLETED"
197,"3c1a77e2-6c9f-4a56-8c1a-e048754f3bde","NOT COMPLETED","","MOD","L2","MOD13Q1","NBR","RDELTA","EFFIS",2022,3,"moving",21,10,"38d0e29f-e972-4f40-9412-debff9d8397c",NA,"GEE NOT COMPLETED","7c94f1eb-d4d6-4cf2-861d-f527e5f60e0c","POST NOT COMPLETED","d3693721-1454-41e4-b0e0-b1152f94c537","METADATA NOT COMPLETED","33cfba80-eaac-490d-b5a6-cd7dd242fee1","CLOSING NOT COMPLETED"
198,"361531d9-fd03-4b2e-a062-283a84057b16","NOT COMPLETED","","MOD","L2","MOD13Q1","NBR","RBR","EFFIS",2022,3,"moving",21,10,"9f08bfa7-5aa1-4049-b635-e41ed3480fdd",NA,"GEE NOT COMPLETED","612cc007-af91-4ff9-bf79-ca599cf59707","POST NOT COMPLETED","27282627-2b26-4f63-a230-b020a24008e8","METADATA NOT COMPLETED","9eeb9724-941d-43cb-8641-8cbd51ffd97e","CLOSING NOT COMPLETED"
199,"95f58d8b-442b-414c-87e1-33298279e237","NOT COMPLETED","","MOD","L2","MOD13Q1","NBR","DELTA","EFFIS",2001,3,"moving",24,10,"7453b4c6-bf71-49bd-a2bf-4eae6dff10de",NA,"GEE NOT COMPLETED","8104416f-186f-4e25-a7a0-8754e94b4d3a","POST NOT COMPLETED","85ff17a6-99ff-4906-90ff-98aa2d885829","METADATA NOT COMPLETED","27d12aff-b27e-4ff8-8450-319716d856b4","CLOSING NOT COMPLETED"
200,"663c81e7-a11b-4122-926a-6086249cbc84","NOT COMPLETED","","MOD","L2","MOD13Q1","NBR","RDELTA","EFFIS",2001,3,"moving",24,10,"beb0d47b-f95e-4c07-bd90-7ea6bc54f1a0",NA,"GEE NOT COMPLETED","823a0240-9c8a-4f5b-b201-ceec27763d44","POST NOT COMPLETED","92e46882-d89f-4675-9d16-cd93961f2d33","METADATA NOT COMPLETED","6b9ca177-f562-428c-91d0-481317ef10af","CLOSING NOT COMPLETED"
201,"c2bcfde6-97af-4d32-b2c7-a7c6e5bd5ad4","NOT COMPLETED","","MOD","L2","MOD13Q1","NBR","RBR","EFFIS",2001,3,"moving",24,10,"35e38877-abad-432d-9263-19c09a87a405",NA,"GEE NOT COMPLETED","c5182a22-9ef5-478f-a213-2f36dd635016","POST NOT COMPLETED","80bcb8e9-8aed-45a2-9d55-fb48f28d5a86","METADATA NOT COMPLETED","ef4cdfec-414c-46f3-a3e1-738fd36d4e8e","CLOSING NOT COMPLETED"
202,"c5c10a2a-a664-4219-b18e-86d5be3655f9","NOT COMPLETED","","MOD","L2","MOD13Q1","NBR","DELTA","EFFIS",2002,3,"moving",24,10,"5f089e35-2d93-4392-aeae-c2717b782055",NA,"GEE NOT COMPLETED","b212ee9c-81bc-42f7-aef6-6deb810b4400","POST NOT COMPLETED","399bd439-8cb8-4d49-ae6f-964ecfbeefe8","METADATA NOT COMPLETED","49edfcc6-4b5f-4a50-899e-03872638e5ce","CLOSING NOT COMPLETED"
203,"0246c312-7ef8-4a24-b598-0b9bfb14bc47","NOT COMPLETED","","MOD","L2","MOD13Q1","NBR","RDELTA","EFFIS",2002,3,"moving",24,10,"56da3c1b-476b-4829-a9b3-57277bf9fb5a",NA,"GEE NOT COMPLETED","14ccde3a-c0a1-43a2-9468-722d1e013224","POST NOT COMPLETED","7c822d6b-6679-4aad-865e-4319e01fa883","METADATA NOT COMPLETED","2d456860-766a-46eb-93e0-ca13d5528283","CLOSING NOT COMPLETED"
204,"d6326ac4-3f40-4648-8143-676f92a0d2a4","NOT COMPLETED","","MOD","L2","MOD13Q1","NBR","RBR","EFFIS",2002,3,"moving",24,10,"25a649f8-37f8-458a-b38d-2608f5616aca",NA,"GEE NOT COMPLETED","d796ad92-90e5-4ce7-8c46-558ed4c7f811","POST NOT COMPLETED","2cfc96dd-b123-4758-bc57-557b2aca26d1","METADATA NOT COMPLETED","22b8cac0-43ed-405c-97dc-468d6f25ed55","CLOSING NOT COMPLETED"
205,"1975e32b-53e4-43f5-9a90-c013aa8820d0","NOT COMPLETED","","MOD","L2","MOD13Q1","NBR","DELTA","EFFIS",2003,3,"moving",24,10,"7cb04f75-21d4-49bc-8578-7eaffce80fd4",NA,"GEE NOT COMPLETED","9fdf35b4-6f49-4895-90ce-9b9245d4985b","POST NOT COMPLETED","2f536390-7a89-4b70-9ced-6987e3c4a43c","METADATA NOT COMPLETED","06676133-bff0-4551-95be-ce15f7438b33","CLOSING NOT COMPLETED"
206,"102bbe42-d5a2-4d58-9119-9a8d77f49f09","NOT COMPLETED","","MOD","L2","MOD13Q1","NBR","RDELTA","EFFIS",2003,3,"moving",24,10,"30aadb6e-7598-476a-a1b5-d6c0ada4a2f0",NA,"GEE NOT COMPLETED","898833c5-e1b3-4ff9-ab29-832302ab0dd8","POST NOT COMPLETED","ad3aa58a-5077-4e27-8b03-e3e463df80f8","METADATA NOT COMPLETED","7858c62c-fae6-421e-bdea-a52b206968bd","CLOSING NOT COMPLETED"
207,"357d5139-272c-4606-96ec-dcbf6c521c48","NOT COMPLETED","","MOD","L2","MOD13Q1","NBR","RBR","EFFIS",2003,3,"moving",24,10,"6b883a6e-abcc-42a2-bf31-90cb92ff4eaa",NA,"GEE NOT COMPLETED","4eff217e-0958-48e8-a8a5-52eaf1f18313","POST NOT COMPLETED","d556a820-d0a2-4323-9288-6df1d618757e","METADATA NOT COMPLETED","268fc127-6e87-45e6-a5c5-889d684b3d6a","CLOSING NOT COMPLETED"
208,"7504f3a8-c143-45dd-bb49-afa409d1b179","NOT COMPLETED","","MOD","L2","MOD13Q1","NBR","DELTA","EFFIS",2004,3,"moving",24,10,"45787e73-7c8c-48af-bc32-dd8a06f981bf",NA,"GEE NOT COMPLETED","930f4cf2-e06e-4820-a414-4446c9aed74d","POST NOT COMPLETED","94a07fa4-df94-43c8-89d3-eb5e9b07eb60","METADATA NOT COMPLETED","8af3b04e-0730-4ba9-a73f-f69a87af1d45","CLOSING NOT COMPLETED"
209,"a9d2d11c-a6b6-48ec-ac5f-8c30a09560f7","NOT COMPLETED","","MOD","L2","MOD13Q1","NBR","RDELTA","EFFIS",2004,3,"moving",24,10,"15932511-63b5-4bbb-85e5-5da44dfd2305",NA,"GEE NOT COMPLETED","d7fe2aa3-834d-40aa-bc35-aa3568d259f3","POST NOT COMPLETED","57920bc9-ec88-4f3b-8e78-b7a8609ba0f2","METADATA NOT COMPLETED","d9b3d92a-06d1-48f5-ae71-7708e4d75c3a","CLOSING NOT COMPLETED"
210,"bdf401f6-2f8f-4eaa-a7ce-995bffc232ed","NOT COMPLETED","","MOD","L2","MOD13Q1","NBR","RBR","EFFIS",2004,3,"moving",24,10,"ec0deeed-b5cf-4e82-9844-2be9b208fcc6",NA,"GEE NOT COMPLETED","3339730c-f65e-4bd8-9b61-b7127a99ff88","POST NOT COMPLETED","006d475d-0d4f-4a1b-8de5-841208be7567","METADATA NOT COMPLETED","37fce234-90be-4e72-b088-48a7e57abb00","CLOSING NOT COMPLETED"
211,"2647df28-368d-4e10-af48-95bb662d675b","NOT COMPLETED","","MOD","L2","MOD13Q1","NBR","DELTA","EFFIS",2005,3,"moving",24,10,"5fb1406d-9d41-4e36-aeea-fb72a5d24bb2",NA,"GEE NOT COMPLETED","9450c247-3471-4413-9e9e-96cd184f51de","POST NOT COMPLETED","331a295e-aee5-4599-b8de-7912045a6092","METADATA NOT COMPLETED","72fa187c-460b-44eb-8c65-a9d2c22af30d","CLOSING NOT COMPLETED"
212,"682fec78-0bdb-4a31-ab31-f2e585f985fd","NOT COMPLETED","","MOD","L2","MOD13Q1","NBR","RDELTA","EFFIS",2005,3,"moving",24,10,"a10a673b-e69f-4f83-819e-1e7cdeb42151",NA,"GEE NOT COMPLETED","59a96268-81b1-4ae7-ac74-ad85e9bf5fff","POST NOT COMPLETED","de59d632-b587-4bb7-8adc-3722e0038152","METADATA NOT COMPLETED","aafd18b6-55c6-4755-8a75-1f5c522a8072","CLOSING NOT COMPLETED"
213,"43f679dd-6d25-44d6-a8fb-3772792ad170","NOT COMPLETED","","MOD","L2","MOD13Q1","NBR","RBR","EFFIS",2005,3,"moving",24,10,"e99d87a7-564f-446c-bf88-0a35b85d3608",NA,"GEE NOT COMPLETED","40a2f6dc-3e58-4878-9b89-90bdc8983b23","POST NOT COMPLETED","77c4bb5d-eeb6-45ed-8067-ee13fd9c418d","METADATA NOT COMPLETED","e0f868e5-d8f9-4f3b-8e3a-b4563f1cb82a","CLOSING NOT COMPLETED"
214,"7b5ac6b7-e3d2-48a9-a87c-255a8dfb980f","NOT COMPLETED","","MOD","L2","MOD13Q1","NBR","DELTA","EFFIS",2006,3,"moving",24,10,"89c9186b-a037-4b0b-80d8-fd5d9bc1f3b5",NA,"GEE NOT COMPLETED","1f5eba1f-1287-4c9d-950b-200ece80862f","POST NOT COMPLETED","469706d8-9612-4d7f-8559-19435a66bbc4","METADATA NOT COMPLETED","178c8f95-1a4f-48ad-b6f7-10f66e2a6deb","CLOSING NOT COMPLETED"
215,"4bc7a23f-9b2a-48f5-8362-b4ae248ae4d3","NOT COMPLETED","","MOD","L2","MOD13Q1","NBR","RDELTA","EFFIS",2006,3,"moving",24,10,"603c3213-26cf-458b-b275-7f428545184e",NA,"GEE NOT COMPLETED","f3210f52-527c-48f6-809a-006c3d64333a","POST NOT COMPLETED","c3d49fdc-576c-4d44-aa45-0737486256cb","METADATA NOT COMPLETED","9ef63786-8461-4ef6-af36-6619553c901a","CLOSING NOT COMPLETED"
216,"cf9bc3a8-ab24-4c75-80b4-ad7771f3b551","NOT COMPLETED","","MOD","L2","MOD13Q1","NBR","RBR","EFFIS",2006,3,"moving",24,10,"e7b64ac8-3b02-42c6-866c-43751325fce9",NA,"GEE NOT COMPLETED","55e681c8-dea6-4c54-865f-844ff2654dc5","POST NOT COMPLETED","b98c4fe3-122b-4e33-aec3-1962822a094f","METADATA NOT COMPLETED","6b132f0c-17b8-43cf-85ff-377ab5bbd5a9","CLOSING NOT COMPLETED"
217,"9601d64d-1531-4e82-aaba-1ca71b9286f4","NOT COMPLETED","","MOD","L2","MOD13Q1","NBR","DELTA","EFFIS",2007,3,"moving",24,10,"54426515-1f11-47cd-bb56-c1c5805bbe69",NA,"GEE NOT COMPLETED","6c3f16a0-5fc1-4fcc-98f9-a82e562c2c7e","POST NOT COMPLETED","1f9d1f9b-2c11-4dbb-a88e-bafd0a5b9f79","METADATA NOT COMPLETED","e547725b-1195-4d1d-8219-0d95a369d823","CLOSING NOT COMPLETED"
218,"1d559274-ad37-48be-9fd0-b06d776f21cd","NOT COMPLETED","","MOD","L2","MOD13Q1","NBR","RDELTA","EFFIS",2007,3,"moving",24,10,"2ce8e967-8adc-45f0-a244-133891e65a59",NA,"GEE NOT COMPLETED","d419199f-441e-4c09-9b5f-23b607bd8c43","POST NOT COMPLETED","74f7be51-f415-4a94-9836-887426b8fa7c","METADATA NOT COMPLETED","b10b66f7-37b7-44e6-a75d-09fb83286827","CLOSING NOT COMPLETED"
219,"60e0017d-e16c-4d4f-9908-13afdf1b486e","NOT COMPLETED","","MOD","L2","MOD13Q1","NBR","RBR","EFFIS",2007,3,"moving",24,10,"39f31dbd-6195-41b8-bd9b-cc54cd54d620",NA,"GEE NOT COMPLETED","5b1d08b0-4285-4c29-a4ad-f2eec28b74b5","POST NOT COMPLETED","f5c08a4f-84ec-42e1-9260-d50b24d0fcb6","METADATA NOT COMPLETED","c419f679-81bb-40b8-b577-069ff6925a51","CLOSING NOT COMPLETED"
220,"da8aded9-b56c-44ec-9b17-7231e62a3be9","NOT COMPLETED","","MOD","L2","MOD13Q1","NBR","DELTA","EFFIS",2008,3,"moving",24,10,"1dccae6e-dddd-4fb2-92f5-be9156dfa2d2",NA,"GEE NOT COMPLETED","27ad448b-1fa9-4d55-893d-52a612bf2d94","POST NOT COMPLETED","e242061e-9ff1-493f-841c-741bdccc096c","METADATA NOT COMPLETED","df3ea448-0642-4421-ad4c-a1ceef460799","CLOSING NOT COMPLETED"
221,"497c046a-9324-42cb-a289-60b869394e00","NOT COMPLETED","","MOD","L2","MOD13Q1","NBR","RDELTA","EFFIS",2008,3,"moving",24,10,"0408a1c0-c2f0-4a6a-bba1-e42b3e7ad81c",NA,"GEE NOT COMPLETED","5bb94682-dd0b-4362-9dec-aee7388a3d62","POST NOT COMPLETED","6b980a6a-30c7-4c84-a484-1e942ca4311b","METADATA NOT COMPLETED","9e90da22-0374-41d0-b6ea-27d119732a06","CLOSING NOT COMPLETED"
222,"108a9e5c-d8f2-4309-9444-88918ce79b7c","NOT COMPLETED","","MOD","L2","MOD13Q1","NBR","RBR","EFFIS",2008,3,"moving",24,10,"c35dba93-bf02-4b2f-8070-7ba311aee131",NA,"GEE NOT COMPLETED","7095dd52-a30b-4eb4-bd6c-d5d0b5fc48b8","POST NOT COMPLETED","d7a1a9b1-d34c-4498-ae7a-d673e5144ca4","METADATA NOT COMPLETED","e816566f-c460-4aaa-8767-a3f6da5939c0","CLOSING NOT COMPLETED"
223,"c3ffc1c3-2ad5-48eb-a637-582c56ec6270","NOT COMPLETED","","MOD","L2","MOD13Q1","NBR","DELTA","EFFIS",2009,3,"moving",24,10,"a68b55ae-9de7-4919-a0be-787395b3726c",NA,"GEE NOT COMPLETED","179db5f2-c627-491c-a3e1-300445eb8591","POST NOT COMPLETED","ba0cd6ed-359f-48e1-9f21-9a8eb8810cc6","METADATA NOT COMPLETED","e757becd-a44a-4277-baf1-67f86ba23590","CLOSING NOT COMPLETED"
224,"a091a5ec-08a6-4e51-a923-674af8b0033e","NOT COMPLETED","","MOD","L2","MOD13Q1","NBR","RDELTA","EFFIS",2009,3,"moving",24,10,"c4fdb75a-5b4e-493c-b31b-08cc7692f47b",NA,"GEE NOT COMPLETED","8b7ff18a-7d82-4994-8fde-ba3b7541e8bc","POST NOT COMPLETED","94a38a1e-5889-4506-bbac-d43309506de7","METADATA NOT COMPLETED","a7369859-3557-4757-9096-dadc7165edb0","CLOSING NOT COMPLETED"
225,"4d6c01cb-7f6f-4d91-a2db-41a487f67f1a","NOT COMPLETED","","MOD","L2","MOD13Q1","NBR","RBR","EFFIS",2009,3,"moving",24,10,"0f99ded1-3c73-4cf4-9b3c-75679c207e4b",NA,"GEE NOT COMPLETED","b5c10dd3-98bb-4f90-bc96-3ddc5abcef6a","POST NOT COMPLETED","08b95039-6ee1-48d5-b933-78b8412488d3","METADATA NOT COMPLETED","3e76ce62-4219-4ff6-89c0-40b3e7ab8dfd","CLOSING NOT COMPLETED"
226,"6eb25da4-dbe1-4632-8173-10911f643e42","NOT COMPLETED","","MOD","L2","MOD13Q1","NBR","DELTA","EFFIS",2010,3,"moving",24,10,"e6c8291d-4e02-404f-a930-bdd3deea3de3",NA,"GEE NOT COMPLETED","fd015bb5-fe4e-47a0-bc4d-a6458991124b","POST NOT COMPLETED","e8e64421-35b6-461d-bc83-0785d552e1f3","METADATA NOT COMPLETED","6ab04f0b-6c3d-43b6-a36d-f259cb81435f","CLOSING NOT COMPLETED"
227,"2341bfa6-bae9-4df5-97d7-e4776fc4e0d1","NOT COMPLETED","","MOD","L2","MOD13Q1","NBR","RDELTA","EFFIS",2010,3,"moving",24,10,"ea3d864f-fd28-4200-9fe1-632acbcd5ac0",NA,"GEE NOT COMPLETED","11beca15-b945-4da3-83ef-c9331fc3b9a0","POST NOT COMPLETED","97ffd9ef-f108-4e1c-b228-c0d61c9d90cf","METADATA NOT COMPLETED","eb0b1598-4eb9-40a5-aaa1-4ecec3146af7","CLOSING NOT COMPLETED"
228,"8d0d564c-d159-4841-829e-2b8072ef606b","NOT COMPLETED","","MOD","L2","MOD13Q1","NBR","RBR","EFFIS",2010,3,"moving",24,10,"46f400b2-eb14-4385-91c7-76d98a5888cf",NA,"GEE NOT COMPLETED","3246bf37-b9ce-48cf-a1e9-e1250eb87ca7","POST NOT COMPLETED","64b5dee1-6568-4174-b9a0-c4ad4da0ed0b","METADATA NOT COMPLETED","75b9a12e-eebe-4e5f-a1d9-c7f79cdead15","CLOSING NOT COMPLETED"
229,"c262ed59-958a-440f-b465-15caffd11cef","NOT COMPLETED","","MOD","L2","MOD13Q1","NBR","DELTA","EFFIS",2011,3,"moving",24,10,"22d560f0-cb17-4f90-a185-96e95449b373",NA,"GEE NOT COMPLETED","faa092c9-e268-4fc4-a523-339559c54679","POST NOT COMPLETED","92e609c7-150a-4119-97d7-81d3a4d08f13","METADATA NOT COMPLETED","26bea5f2-051a-495b-9546-cb343682f3f1","CLOSING NOT COMPLETED"
230,"ee1f55e3-93a6-4acc-8635-4d796bb3ba44","NOT COMPLETED","","MOD","L2","MOD13Q1","NBR","RDELTA","EFFIS",2011,3,"moving",24,10,"7e323c2e-9568-4371-a1d3-c88be3e7127f",NA,"GEE NOT COMPLETED","8ff98b3a-44d4-424e-b7da-48e5a99a927b","POST NOT COMPLETED","6fcffe0b-63ba-4794-bc34-b8ff13c48763","METADATA NOT COMPLETED","c336f898-7e9e-4131-a124-a0e915f6a6f9","CLOSING NOT COMPLETED"
231,"c2990a35-7b77-435f-a8e2-de7b73e26ded","NOT COMPLETED","","MOD","L2","MOD13Q1","NBR","RBR","EFFIS",2011,3,"moving",24,10,"3e82cc79-10b5-45e1-bcd1-67a0a706bb99",NA,"GEE NOT COMPLETED","db9379ed-d7c7-4ed6-9595-c65bd4e7d4ac","POST NOT COMPLETED","51850339-439d-45d9-aea9-34286efadd57","METADATA NOT COMPLETED","b73b2650-e759-49e0-a060-a4fb793c2230","CLOSING NOT COMPLETED"
232,"de47a68e-1a6d-452d-ba9e-cd222558c896","NOT COMPLETED","","MOD","L2","MOD13Q1","NBR","DELTA","EFFIS",2012,3,"moving",24,10,"fcefb399-42f8-42a6-9574-912c5050d9ad",NA,"GEE NOT COMPLETED","6f263f3e-bf68-479b-8069-6c85b589ff20","POST NOT COMPLETED","eab13f91-5a78-4133-aa36-04bc2f366d90","METADATA NOT COMPLETED","2649de54-b9e7-45fe-9fc6-ad36babd6670","CLOSING NOT COMPLETED"
233,"63d775c6-656e-4bac-8dec-d2eb3d112f7e","NOT COMPLETED","","MOD","L2","MOD13Q1","NBR","RDELTA","EFFIS",2012,3,"moving",24,10,"aa8e6cad-4f2f-4943-8432-c33f320d4466",NA,"GEE NOT COMPLETED","b520dbb3-4cc1-4030-9c4c-28734b6d5a77","POST NOT COMPLETED","4391d2a6-9939-4c01-b50c-ae7800f0b7d6","METADATA NOT COMPLETED","6fa859db-e0cd-4d28-88b6-270f008506bd","CLOSING NOT COMPLETED"
234,"f19a778e-0454-4db6-b797-791f7cb12e91","NOT COMPLETED","","MOD","L2","MOD13Q1","NBR","RBR","EFFIS",2012,3,"moving",24,10,"fd4454ad-1fd2-4efd-a621-a54565bcfff3",NA,"GEE NOT COMPLETED","3e665e8d-e25f-4886-84af-e18758b46f1e","POST NOT COMPLETED","9afdb40d-08ee-4ab9-93cb-9b4c734e4463","METADATA NOT COMPLETED","0516bac8-ac1c-46d6-b773-209d32bb91a7","CLOSING NOT COMPLETED"
235,"cf4fdf11-2eee-462f-b8f0-76dbb4d01c0d","NOT COMPLETED","","MOD","L2","MOD13Q1","NBR","DELTA","EFFIS",2013,3,"moving",24,10,"db472fee-408c-4c75-987b-993ec251c313",NA,"GEE NOT COMPLETED","76e86e9c-2d2c-437e-a10c-be639c94ebc3","POST NOT COMPLETED","f82da4b6-e2b4-4172-8b20-890dbf693a2d","METADATA NOT COMPLETED","ab09dfd2-398a-4a14-9b7c-54776255b1d0","CLOSING NOT COMPLETED"
236,"850f478e-9dff-4836-a4e1-0359ae982693","NOT COMPLETED","","MOD","L2","MOD13Q1","NBR","RDELTA","EFFIS",2013,3,"moving",24,10,"b987d1b7-65c8-450a-90d1-aeea7e07e29a",NA,"GEE NOT COMPLETED","87092102-96b9-4f06-89e7-fe14c4df50be","POST NOT COMPLETED","502d140f-587f-494a-b8f0-7c59904e3787","METADATA NOT COMPLETED","f30abbd0-5d31-4909-b51c-3c59a44f3bf6","CLOSING NOT COMPLETED"
237,"aebe63ce-7251-4973-84ee-6062c26368ed","NOT COMPLETED","","MOD","L2","MOD13Q1","NBR","RBR","EFFIS",2013,3,"moving",24,10,"7e4b0f3a-0389-44e3-9d20-db20185d63de",NA,"GEE NOT COMPLETED","db9ec10b-0d51-45d0-9abb-bf9094d538ba","POST NOT COMPLETED","cefbccf1-3361-4ad6-8902-2d6fb0775170","METADATA NOT COMPLETED","7dc3a1b4-a8fe-45d0-a14b-79d6b0a23033","CLOSING NOT COMPLETED"
238,"aa60c4aa-552b-4c11-af47-cf74724c54a9","NOT COMPLETED","","MOD","L2","MOD13Q1","NBR","DELTA","EFFIS",2014,3,"moving",24,10,"06c803b1-7709-44b7-9e0e-c754f0a4c8c7",NA,"GEE NOT COMPLETED","55a01ee8-5f4e-4c0b-b168-095243b618a4","POST NOT COMPLETED","4bf24219-eb44-4181-83c5-eb61f86ed838","METADATA NOT COMPLETED","903bcf35-fa36-42d0-8dec-20a722f5e95b","CLOSING NOT COMPLETED"
239,"af7c464d-b56d-49e4-a668-cb2307a39bf5","NOT COMPLETED","","MOD","L2","MOD13Q1","NBR","RDELTA","EFFIS",2014,3,"moving",24,10,"30172ce8-0d05-4e2d-bc49-760ff753bdf9",NA,"GEE NOT COMPLETED","e6349ceb-1fa9-4b0f-9270-63cf34609922","POST NOT COMPLETED","bfb72e22-66b9-419c-931c-b19c42c1d46f","METADATA NOT COMPLETED","fa363c43-7488-4c71-bd4b-da21c645e8de","CLOSING NOT COMPLETED"
240,"916cdaea-999c-4333-b71e-afa485f72a3d","NOT COMPLETED","","MOD","L2","MOD13Q1","NBR","RBR","EFFIS",2014,3,"moving",24,10,"cfe711ba-fb57-49fe-9143-ed967fd11cd3",NA,"GEE NOT COMPLETED","e07fe095-ee9e-488b-a26f-3ebae52d7806","POST NOT COMPLETED","dc963390-73fb-4200-b61e-3a103acad796","METADATA NOT COMPLETED","596f2a20-7d05-421f-a0e3-19218fa5c435","CLOSING NOT COMPLETED"
241,"b102d128-2a67-4ded-8921-c63e645a111c","NOT COMPLETED","","MOD","L2","MOD13Q1","NBR","DELTA","EFFIS",2015,3,"moving",24,10,"748fb06e-e7f7-4447-8ba8-e0cca9bf9d08",NA,"GEE NOT COMPLETED","992b462a-5cea-4c02-ae65-b8c9842a741e","POST NOT COMPLETED","f5303a03-8184-45f5-8783-e048cc4e1ed5","METADATA NOT COMPLETED","aed9ee49-6a9c-47ea-83c2-b846b4c0b0af","CLOSING NOT COMPLETED"
242,"afd71144-5362-4d0f-a5b9-0ec58c8642c8","NOT COMPLETED","","MOD","L2","MOD13Q1","NBR","RDELTA","EFFIS",2015,3,"moving",24,10,"cd028613-2f54-48d0-9a09-bdf379cc2bb5",NA,"GEE NOT COMPLETED","a123d46a-5782-46f8-86bd-9123902cb719","POST NOT COMPLETED","02da1a15-bb42-468b-9d0a-cca3e08676a8","METADATA NOT COMPLETED","7f866fab-c8aa-40c4-8f04-77008aa3c85e","CLOSING NOT COMPLETED"
243,"36d2afcc-1233-4331-9212-1bdf06b58e0e","NOT COMPLETED","","MOD","L2","MOD13Q1","NBR","RBR","EFFIS",2015,3,"moving",24,10,"7178769a-4034-4ddb-8a38-e44203c6b238",NA,"GEE NOT COMPLETED","d529bc0b-db7a-406a-bb99-c8ac1e5ebd21","POST NOT COMPLETED","7358a3e7-6ba5-4513-b65a-246bb757343c","METADATA NOT COMPLETED","3ec2dddc-da72-477c-977f-12e4f4d24960","CLOSING NOT COMPLETED"
244,"48b83e04-a16f-4281-8d7e-bc6031627a07","NOT COMPLETED","","MOD","L2","MOD13Q1","NBR","DELTA","EFFIS",2016,3,"moving",24,10,"b61a9b65-d5e8-4ffe-8678-c82301863431",NA,"GEE NOT COMPLETED","f813e86b-a08c-45d0-a4cd-bf094a42d086","POST NOT COMPLETED","7d242b3b-a78f-4e54-9275-bcb74cd49505","METADATA NOT COMPLETED","9df884f1-d4b4-4810-ad97-8776f2e56414","CLOSING NOT COMPLETED"
245,"6920f6fb-4e2d-45ff-b0ed-c5f8b2dab4a9","NOT COMPLETED","","MOD","L2","MOD13Q1","NBR","RDELTA","EFFIS",2016,3,"moving",24,10,"c8db5240-cb4c-4f8a-a061-22dca45b76e1",NA,"GEE NOT COMPLETED","28faaa1c-1e5e-40a1-b1b2-30fe6ef65274","POST NOT COMPLETED","b2d06514-5ad8-4c23-ad64-c5de56580754","METADATA NOT COMPLETED","ff56ff0a-369e-4b9e-9f36-84e4a78a89d0","CLOSING NOT COMPLETED"
246,"28fe6fad-bf3c-44a9-ab4f-b504cd484c4b","NOT COMPLETED","","MOD","L2","MOD13Q1","NBR","RBR","EFFIS",2016,3,"moving",24,10,"ea03447d-da06-441d-8a4a-17742153a53c",NA,"GEE NOT COMPLETED","d7ae6c15-d420-498e-b054-e5db7dfcf71b","POST NOT COMPLETED","aacb3f73-93a4-4729-bd90-ca9ff1414593","METADATA NOT COMPLETED","733c2e8a-0204-436a-9db6-6907288be013","CLOSING NOT COMPLETED"
247,"ee5af8d7-4377-42cf-bef5-d65cb8710006","NOT COMPLETED","","MOD","L2","MOD13Q1","NBR","DELTA","EFFIS",2017,3,"moving",24,10,"7405be39-8570-4cf7-b0a3-af034eced186",NA,"GEE NOT COMPLETED","d074bf13-4b1b-4d8e-be3f-e5c8748dce01","POST NOT COMPLETED","6bdffa0c-192c-4fd8-a191-fcf6ce77610c","METADATA NOT COMPLETED","5d592330-af40-4121-a3e5-2c9430faee09","CLOSING NOT COMPLETED"
248,"c89fd657-7c42-4cff-8675-685fdc679d4b","NOT COMPLETED","","MOD","L2","MOD13Q1","NBR","RDELTA","EFFIS",2017,3,"moving",24,10,"6cbf5282-e55a-4c76-b4c8-b3f7b68db63c",NA,"GEE NOT COMPLETED","f2c8ca9a-8891-4342-9b53-1aa905c70859","POST NOT COMPLETED","f8a8b4dd-0b9d-40ad-986f-e39a5f946643","METADATA NOT COMPLETED","5e58cb03-2b47-4d53-87bf-3f36f135cef0","CLOSING NOT COMPLETED"
249,"39ce6b25-8601-409c-aea0-e3c0768662cb","NOT COMPLETED","","MOD","L2","MOD13Q1","NBR","RBR","EFFIS",2017,3,"moving",24,10,"6f3af369-a440-47a1-90d8-91462083918e",NA,"GEE NOT COMPLETED","5bc257d1-2159-493e-a7f6-8d83d7ec2312","POST NOT COMPLETED","9ce4e7e8-ee3a-4301-93b8-c838364f3844","METADATA NOT COMPLETED","6a2a6013-73b9-4356-8219-cc5397595630","CLOSING NOT COMPLETED"
250,"46572bfa-d2fd-41f1-aa82-c83e86ad9195","NOT COMPLETED","","MOD","L2","MOD13Q1","NBR","DELTA","EFFIS",2018,3,"moving",24,10,"4731a3f2-b241-4b65-a642-34138d822b7e",NA,"GEE NOT COMPLETED","4da9c0c0-5fef-45a5-b525-36c028725671","POST NOT COMPLETED","275f2f56-21d5-474a-85b8-ac2e147e6b7b","METADATA NOT COMPLETED","76c6dff3-ca27-44c1-91f0-7369c048c284","CLOSING NOT COMPLETED"
251,"b6c0a726-be06-40d9-a90e-b7f19c73ba55","NOT COMPLETED","","MOD","L2","MOD13Q1","NBR","RDELTA","EFFIS",2018,3,"moving",24,10,"45fb13fc-d68d-48bb-a927-441f5b504cca",NA,"GEE NOT COMPLETED","5155035b-4c83-4907-88ec-b43af0c1cc74","POST NOT COMPLETED","865fdff0-75d1-43d7-a0eb-c36574386f20","METADATA NOT COMPLETED","d54ff459-9edd-4b9d-943a-feb0597a4535","CLOSING NOT COMPLETED"
252,"7f973c0d-65c3-431a-99ef-148590ff3c4c","NOT COMPLETED","","MOD","L2","MOD13Q1","NBR","RBR","EFFIS",2018,3,"moving",24,10,"56945b83-106f-4ca2-b374-4ec83d1b839f",NA,"GEE NOT COMPLETED","adf9950d-f67c-4400-8dd0-483924ddfbc2","POST NOT COMPLETED","120ba4e2-6bff-41e5-90ee-d5577d679acf","METADATA NOT COMPLETED","f62d8f60-1502-4e0f-96fd-029819eb352b","CLOSING NOT COMPLETED"
253,"31d51853-1b06-4e52-8b03-4a8625f14161","NOT COMPLETED","","MOD","L2","MOD13Q1","NBR","DELTA","EFFIS",2019,3,"moving",24,10,"39dc2938-55a2-4bfd-a59a-535474ac5ac6",NA,"GEE NOT COMPLETED","99f69839-d41b-494f-94b7-f09ec5a3ba10","POST NOT COMPLETED","621685ed-4faa-4300-8fa3-6198bf26d66d","METADATA NOT COMPLETED","024e6779-ddd3-4041-8b96-8d7f3871f4fb","CLOSING NOT COMPLETED"
254,"7cf6ac97-2399-4d32-bf5d-9f624bcf2dc4","NOT COMPLETED","","MOD","L2","MOD13Q1","NBR","RDELTA","EFFIS",2019,3,"moving",24,10,"99a085f1-afe5-4150-8241-beb9d8c8cff4",NA,"GEE NOT COMPLETED","c12238ad-9e4d-4bce-9165-ebd32ea69593","POST NOT COMPLETED","f102efde-4f60-42fd-b027-bc40fd8bdef2","METADATA NOT COMPLETED","3556d696-7197-4707-b70e-675a02a6c7ed","CLOSING NOT COMPLETED"
255,"f657e059-1468-4778-9d83-c4a1abf86a62","NOT COMPLETED","","MOD","L2","MOD13Q1","NBR","RBR","EFFIS",2019,3,"moving",24,10,"c7310da1-437d-428d-982e-4ddcd8ac39a5",NA,"GEE NOT COMPLETED","5ad519a4-cc46-46e5-ab43-494abd7826eb","POST NOT COMPLETED","184c3093-c22f-4dea-a886-0a7768a3cb44","METADATA NOT COMPLETED","beaf2ba9-db49-4da3-bb36-cde6c7ca44de","CLOSING NOT COMPLETED"
256,"84e14366-ea83-41ac-a635-8e50aff65359","NOT COMPLETED","","MOD","L2","MOD13Q1","NBR","DELTA","EFFIS",2020,3,"moving",24,10,"0afacc40-afff-4fec-a42a-2aa6d51a87d0",NA,"GEE NOT COMPLETED","d82d2159-a032-4e9f-879c-908b10245d70","POST NOT COMPLETED","02110a60-8642-4a99-a75f-a1b8e645ba05","METADATA NOT COMPLETED","644e4fe4-16e8-46da-b936-59ed9a9dd0bd","CLOSING NOT COMPLETED"
257,"f33cb825-2455-4b73-a10f-3a6dc03e52b0","NOT COMPLETED","","MOD","L2","MOD13Q1","NBR","RDELTA","EFFIS",2020,3,"moving",24,10,"5ca8ec1b-e39a-41f7-ae99-ffc87ad9033d",NA,"GEE NOT COMPLETED","cbd9e0ed-bea3-4f03-be73-387fd389c445","POST NOT COMPLETED","17456c22-b226-4c51-b991-84fdd309d953","METADATA NOT COMPLETED","e6ee5876-eff6-4be3-899c-5939d403b659","CLOSING NOT COMPLETED"
258,"05cc37e1-9b5f-4d32-bb38-5f7c1beada6a","NOT COMPLETED","","MOD","L2","MOD13Q1","NBR","RBR","EFFIS",2020,3,"moving",24,10,"3c5418d3-45ff-46c2-a264-3354829669f1",NA,"GEE NOT COMPLETED","b9d19d15-7fa2-47c9-bc5d-98fea4e115d4","POST NOT COMPLETED","8e8077d9-a5f5-405e-a3c1-183f6fc8133f","METADATA NOT COMPLETED","da2bc80c-e450-469f-924d-cda3ace9cfd2","CLOSING NOT COMPLETED"
259,"d3a36b98-d651-47a5-acf5-0c2ea6fb708f","NOT COMPLETED","","MOD","L2","MOD13Q1","NBR","DELTA","EFFIS",2021,3,"moving",24,10,"f4a40907-0a49-4183-b70a-0c7793211a54",NA,"GEE NOT COMPLETED","2815bfaf-02ca-4b62-9d8c-5b2d15a82fb3","POST NOT COMPLETED","89767693-ec88-47ef-8fa9-93e68b7c2b5a","METADATA NOT COMPLETED","5af5330a-67e5-4b45-8c65-8fc2c27996e9","CLOSING NOT COMPLETED"
260,"de27e417-8a15-41c7-8fe4-9638fc2dd515","NOT COMPLETED","","MOD","L2","MOD13Q1","NBR","RDELTA","EFFIS",2021,3,"moving",24,10,"2df09e53-1d61-4d67-87a8-b772e789ce33",NA,"GEE NOT COMPLETED","017d04cf-c3e9-422a-a040-78f46aae4269","POST NOT COMPLETED","4b7b2be0-3916-4515-baab-56215ae365aa","METADATA NOT COMPLETED","c347b155-1c5d-4491-bb6d-6eefcb751d3a","CLOSING NOT COMPLETED"
261,"c68d767f-7d12-4d30-88b1-7cc94a5247c4","NOT COMPLETED","","MOD","L2","MOD13Q1","NBR","RBR","EFFIS",2021,3,"moving",24,10,"fb35778c-dfad-40d0-b2f0-bede9cc0a07f",NA,"GEE NOT COMPLETED","05065d6b-2ea5-46da-a9be-e0c00685db98","POST NOT COMPLETED","67afec82-8d43-4a28-9fbf-e7a74eda4891","METADATA NOT COMPLETED","061a2b21-2e66-4984-8b43-b46c444cfc12","CLOSING NOT COMPLETED"
262,"d65d5735-5009-47f3-9ccb-aa05a43aa03e","NOT COMPLETED","","MOD","L2","MOD13Q1","NBR","DELTA","EFFIS",2022,3,"moving",24,10,"8ecd27ad-91c3-4aca-8451-5cb12cc52de4",NA,"GEE NOT COMPLETED","083cadca-0cd5-4035-ad85-2eaeb4b8609e","POST NOT COMPLETED","82af0596-78ed-4bda-8ca9-98c062858161","METADATA NOT COMPLETED","9fd00799-46ac-4348-91b0-c3668ddc6579","CLOSING NOT COMPLETED"
263,"57f33d79-f796-4ab3-b69e-728dde86c607","NOT COMPLETED","","MOD","L2","MOD13Q1","NBR","RDELTA","EFFIS",2022,3,"moving",24,10,"971d4f4d-36e5-4102-8cb5-f837a3dec6b8",NA,"GEE NOT COMPLETED","b4a23d92-254e-426c-8966-14df4eba40bd","POST NOT COMPLETED","1b088293-4897-45d0-afc3-d84b6147ffca","METADATA NOT COMPLETED","be1f13e6-fb36-44d8-b732-45f05f6d5ee0","CLOSING NOT COMPLETED"
264,"cc7d199f-7da1-4f78-a621-587f023ef50b","NOT COMPLETED","","MOD","L2","MOD13Q1","NBR","RBR","EFFIS",2022,3,"moving",24,10,"ce6b4ba9-9fd2-4a2e-8dc4-7cda3b5276ef",NA,"GEE NOT COMPLETED","febccd07-d953-4b89-89cf-a55d7db5ca1d","POST NOT COMPLETED","c0688f24-54d1-4eab-a3e9-361c4b9e572b","METADATA NOT COMPLETED","19323f9e-9887-41c2-b291-eecdcdf202b5","CLOSING NOT COMPLETED"
